Date,BABA,JD,SMCI,EVRG,SO,NEE,WEC,DUK,CNP,ABNB,UBER,F,SPOT,LCID,SHOPCN,RIVN
2020-09-16,,,,,,,,,,,,,,,1163.4058901363771,
2020-09-23,,,,,,,,,,,,,,,1176.6324515819213,
2020-09-30,,,,,,,,,,,,,,,1219.9708906412634,
2020-10-07,,,,,,,,,,,,,,,1238.9018207449578,
2020-10-14,,,,,,,,,,,,,,,1242.6531611347184,
2020-10-21,,,,,,,,,,,,,,,1214.7270662321696,
2020-10-28,,,,,,,,,,,,,,,1218.1189131116714,
2020-11-04,,,,,,,,,,,,,,,1200.2058803811453,
2020-11-11,,,,,,,,,,,,,,,1174.102835914233,
2020-11-18,,,,,,,,,,,,,,,1169.19849167704,
2020-11-25,,,,,,,,,,,,,,,1204.0238225478424,
2020-12-02,,,,,,,,,,,,,,,1228.009860308953,
2020-12-09,,,,,,,,,,,,,,,1210.0544889087018,
2020-12-16,,,,,,,,,,,,,,,1263.5503800462302,
2020-12-23,,,,,,,,,,,,,,,1282.9095568376345,
2020-12-30,,,,,,,,,,,,,,,1268.3495783283215,
2021-01-06,,,,,,,,,,,,,,,1232.1553553142633,
2021-01-13,,,,,,,,,,,,,,,1281.444998888147,
2021-01-20,,,,,,,,,,,,,,,1282.3923401012794,
2021-01-27,,,,,,,,,,,,,,,1235.0230020721542,
2021-02-03,,,,,,,,,,,,,,,1291.3018727513631,
2021-02-10,,,,,,,,,,,,,,,1407.5846254413182,
2021-02-17,,,,,,,,,,,,,,,1385.649239453908,
2021-02-24,,,,,,,,,,,,,,,1323.1298744428263,
2021-03-03,,,,,,,,,,,,,1087.525828162889,,1281.5423771414446,
2021-03-10,,,,,,,,,,1550.7935928797933,,,1056.7877300833738,,1220.8658529768668,
2021-03-17,,,,,,,,,,1609.7112023032687,,1115.3244854028067,1069.8182743553423,,1258.3539752355912,
2021-03-24,,,,,,,,,,1528.3676930519232,,1094.740354855187,1046.269531514002,,1230.2377810011299,
2021-03-31,,,,,,,,,,1552.5999426093058,,1094.9028521614437,1048.9712008943518,,1226.6715808917947,
2021-04-07,,,,,,,,,,1524.78015094206,,1115.677513356657,1061.2151966681886,,1251.220767356573,
2021-04-14,,,,,,,,,,1510.921225977426,,1093.5617693677484,1067.9676406351296,,1259.9785060791544,
2021-04-21,,,,,,,,,,1478.2906554875867,,1072.9541642286817,1044.8406402894564,,1244.2784786623681,
2021-04-28,,,,,,,,,,1518.4776328936528,,1100.0565825245653,1032.8437270881436,,1312.0952061508974,
2021-05-05,,,,,,,,,,1456.9254043494761,,1068.5315902305583,1018.523114841908,,1235.0740431359905,
2021-05-12,,,,,,,,,,1374.553686204985,,1053.4590758467189,1002.5801832045672,,1215.6430549111928,
2021-05-19,,,,,,,,,,1366.2939339856498,,1083.0227056141714,997.4912724291555,,1254.635489847942,
2021-05-26,,,,,,,,,,1354.2543873864274,,1158.720588530693,1014.2960174057749,,1288.9590574674546,
2021-06-02,,,,,,,,,,1405.3262797934253,,1202.9715575903333,1014.4760426846908,,1283.7081675631762,
2021-06-09,,,,,,,,,,1382.2543354316308,,1230.255674624983,1013.0487206676988,,1277.8011365089412,
2021-06-16,,,,,,,,,,1387.0503987522102,,1204.631674982061,1011.1994037930681,,1345.880781485663,
2021-06-23,,,,,,,,,,1392.376448729435,,1223.8011944956677,1024.7678460034351,,1413.0587263810023,
2021-06-30,,,,,,,,,,1394.3512549758766,,1196.6055672886728,1042.4377289828185,,1392.8296989738596,
2021-07-07,,,,,,,,,,1363.89916417803,,1170.2002274747028,1030.5325108857262,,1425.0624434511265,
2021-07-14,,,,,,,,,,1344.484742507846,,1170.0638507833812,1024.5648630708527,,1394.7915930019315,
2021-07-21,,,,,,,,,,1344.1604250287453,,1168.993902184906,1022.7352126255196,,1451.2179731845144,
2021-07-28,,,,,,,,,,1355.6981735381896,,1156.7830737662891,1005.1895470670156,,1434.8047955657312,
2021-08-04,,,,,,,,,,1367.1411317754573,,1134.296149240814,1001.406023658118,,1443.6784685803937,
2021-08-11,,,,,,,,,,1361.2004904176385,,1158.2724692677523,993.593629338826,,1404.3414104440922,
2021-08-18,,,,,,,,,,1356.914969486607,,1118.833200068103,988.4070366391351,,1406.773180006369,
2021-08-25,,,,,,,,,,1395.222424797364,,1125.22599916326,1002.3836240477162,,1434.8747459990311,
2021-09-01,,,,,,,,,,1382.0982960491838,,1124.951750540016,1013.3477626913907,,1428.6786768437237,
2021-09-08,,,,,,,,,,1400.9012693121183,,1121.435926057922,1022.031133245999,,1397.258646157122,
2021-09-15,,,,,,,,,,1405.7337313371424,,1130.3514743167357,1016.4313959820113,,1395.8750023259083,
2021-09-22,,,,,,,,,,1411.7461106262872,,1130.5237180025908,1008.3150620254605,,1389.733307112518,
2021-09-29,,,,,,,,,,1397.7297971539306,,1175.8364718262421,992.271957971257,,1325.9343655609778,
2021-10-06,,,,,,,,,,1391.6421696921404,,1167.8717449153391,1001.0036810695292,,1325.8989184513057,
2021-10-13,,,,,,,,,,1404.289549722473,,1230.8447261069919,1006.7607595058407,,1347.2949711468582,
2021-10-20,,,,,,,,,,1385.2538334639105,,1254.9380692617146,1008.9250996037645,,1388.73274667975,
2021-10-27,,,,,,,,,,1379.520923869064,,1229.6218399329452,1028.077781265813,,1324.3865592429026,
2021-11-03,,,,,,,,,,1386.8798185661608,,1389.316339189247,1050.6340072249952,,1391.070842004813,
2021-11-10,,,,,,,,,,1442.1342592508095,,1427.8360489098209,1024.1788875393818,,1380.9727455186212,
2021-11-17,,,,,,,,,,1459.559209696335,,1460.2325217457924,1025.6995403798346,,1467.1948347945272,
2021-11-24,,,,,,,,,,1392.9988002006335,,1511.9424949667937,1002.6209729622242,,1459.5383763812733,
2021-12-01,,,,,,,,,,1344.821958877044,,1475.6784461472248,989.3085179189163,,1375.2691615925457,
2021-12-08,,,,,,,,,,1407.5573114583324,,1485.6730119694678,999.7667957535283,,1401.715349574754,
2021-12-15,,,,,,,,,,1349.5330670568164,,1507.1549228024296,987.1167457568336,1476.6278932460257,1326.907728945023,
2021-12-22,,,,,,,,,,1352.3055333752193,,1504.64180694398,995.0772165338809,1434.4503016796957,1335.6463163858746,
2021-12-29,,,,,,,,,,1341.1992145044549,,1528.2542566065035,990.8906508183279,1401.2287616755489,1337.524175673916,
2022-01-05,,,,,,,,,,1318.6399924768807,,1714.2220278298637,982.0213853139768,1390.1824670696515,1239.1609113201898,
2022-01-12,,,,,,,,,,1334.853573376965,,1764.0396003454057,981.905162073135,1527.50082245686,1225.6003982569018,
2022-01-19,,,,,,,,,,1283.8539438050163,,1637.769367248361,960.3070486759503,1435.4925881625097,1162.4247698791442,
2022-01-26,,,,,,,,,,1245.6655964927254,,1484.461499894571,938.1334745474496,1330.1930885789434,1097.7404257645082,
2022-02-02,,,,,,,,,,1273.3558324609653,,1503.6510244522105,950.2579625177751,1247.298503000009,1107.8520427204692,
2022-02-09,,,,,,,,,,1315.1960061967493,,1373.1829236357237,932.9140061254254,1254.9522775871767,1117.637419397613,
2022-02-16,,,,,,,,,,1360.3929596733028,,1351.8671408889445,921.4308767137946,1255.1824383866715,1049.2047505099015,
2022-02-23,,,,,,,,,,1249.8649571086034,,1292.8553154309352,909.9845362917176,1188.177936429512,1009.088178658744,
2022-03-02,,,,,,,,,,1273.91698793794,,1359.7253509018014,918.5643913949242,1170.4189533199185,1023.3261460438987,
2022-03-09,,,,,,,,,,1239.2399908836555,,1262.5631110360323,908.7415351177942,1175.7873384141014,998.1647879375463,
2022-03-16,,,,,,,,,,1248.5901605836757,,1268.1262185906235,895.9571373033478,1137.9724427858082,1000.5013528420832,
2022-03-23,,,,,,,,,,1265.4723807847924,,1271.1223956663166,898.2135675471752,1165.9436538871396,1027.7127264700052,
2022-03-30,,,,,,,,,,1285.553378104306,,1300.5345494246812,897.5748766864987,1168.7066219298454,1023.3626123494888,
2022-04-06,,,,,,,,,,1249.6679474652906,,1194.2667760192771,884.6208113993032,1104.2751071243024,999.3653323495619,
2022-04-13,,,,,,,,,,1269.3393881708025,,1201.1242293851828,884.1868756755368,1089.0040341881665,982.9550556340956,
2022-04-20,,,,,,,,,,1238.7805701718412,,1226.0648365960228,866.466602668439,1061.928288364469,951.7658629985426,
2022-04-27,,,,,,,,,,1201.6912214441636,,1142.651648451365,856.5398567926942,1021.3981045048797,923.8621867615971,
2022-05-04,,,,,,,,,,1209.1582184728895,,1147.7384960456086,861.1726799726861,1048.9838572938074,937.5582263820642,
2022-05-11,,,,,,,,,,1094.4655855462447,,1041.8185743928707,848.547652647494,954.159641690826,900.0125484081833,
2022-05-18,,,,,,,,,,1069.8155249068707,,1040.2044817940537,852.7825682354827,1003.9218283045616,907.781268887574,
2022-05-25,,,,,,,,,,1079.2286987584387,,1040.7243530013095,860.0110494078701,1009.0124810956117,907.418265739832,
2022-06-01,,,,,,,,,,1088.813282832268,,1077.1803595811975,854.907804653819,1029.882433955101,907.9259035140657,
2022-06-08,,,,,,,,,,1103.313280771839,,1073.6733167744558,853.8961951161859,1025.796265817385,912.02317166403,
2022-06-15,,,,,,,,,,1030.2130861068345,,1003.3548586993442,837.49328004228,981.6725615549421,886.425875665643,
2022-06-22,,,,,,,,,,1026.911540252619,,969.3071519491066,837.633776272853,984.387685986776,893.8719570021094,
2022-06-29,,,,,,,,,,1012.484677081449,,971.4366232762754,839.3953208549932,974.0564978139389,893.8957792016721,
2022-07-06,,,,,,,,,,1011.585626603599,,950.6564301595947,845.2826413061416,988.5085177740381,896.9260455622687,
2022-07-13,,,,,,,,,,1014.3051547015995,,966.1275282961504,840.715178000219,1002.2368034400052,891.6405397490228,
2022-07-20,,,,,,,,,,1041.2709368065812,,1019.0354998622536,844.4029753592517,1022.1697373752572,904.5980861347601,
2022-07-27,,,,,,,,,,1047.1393181497174,,1050.8876530785717,855.5326516223327,987.9787026613044,906.0261861738393,
2022-08-03,,,,,,,,,,1065.300261129761,,1179.5437856208057,857.8473303578571,1016.9540258779062,922.9636680368642,
2022-08-10,,,,,,,,,,1070.394532977327,,1143.080901218113,854.7961703866641,978.3084250574271,916.34000146593,
2022-08-17,,,,,,,,,,1074.3665788943904,,1170.3948261812732,849.342154504968,977.6866725288581,905.3738228470015,
2022-08-24,,,,,,,,,,1050.9198775855705,,1141.9305117499034,844.947187072033,942.4275841583815,893.4051959129343,
2022-08-31,,,,,,,,,,1042.3831195251541,,1125.5633873782667,840.5503120986915,922.0538700467353,887.0713422403004,
2022-09-07,,,,,,,,,,1048.9165490491341,,1136.7108630866219,841.1814247627855,913.4609891116133,886.9096347322329,
2022-09-14,,,,,,,,,,1067.788011140788,,1091.3790009452255,832.0768780680448,934.2292799218635,886.3946629384903,
2022-09-21,,,,,,,,,,1029.3185220961484,,1009.6333374143604,825.1811724687259,916.586781749611,874.6533633970448,
2022-09-28,,,,,,,,,,1015.289350526045,,967.1172916854739,820.8273318863695,907.0732520295642,868.4762940742851,
2022-10-05,,,,,,,,,,1016.6173617107593,,984.416232119345,819.8439590818707,903.860117043376,870.6290933673405,
2022-10-12,,,,,,,,,,1013.1992704048109,,937.2056988606809,813.4222644666473,870.8707764813079,856.729000009095,
2022-10-19,,,,,,,,,,1016.9184998827069,,960.5294946145875,809.998527072788,856.9435769475374,855.8175515783032,
2022-10-26,,,,,,,,,,1016.1888579087731,,994.2491187338636,812.1591382793396,879.8093047123629,862.2566032921164,
2022-11-02,,,,,,,,,,960.7929111824948,,1003.844082865676,804.8117688582264,874.5337326801449,858.272658282806,
2022-11-09,,,,,,,,,,966.2268341470764,,1019.3060574801561,805.7397302231949,848.0728362964904,853.5719715861991,
2022-11-16,,,,,,,,,,995.0097805580733,,1049.2000132607152,819.9387699610986,862.4143473066848,882.3995060924417,
2022-11-23,,,,,,,,,,974.4462832604333,,1057.0361183797386,817.2069983973937,850.257008124941,875.600665926038,
2022-11-30,,,,,,,,,,991.009085353345,,1055.3770630059844,823.6135517390577,854.8995295437027,891.7008288587593,
2022-12-07,,,,,,,,,,968.2631363255034,,1019.4492997248781,825.0619609655548,836.9802147989817,886.5314321550753,
2022-12-14,,,,,,,,,,974.4332694158843,,1042.2241790419853,828.4084450890277,830.1526572527771,886.4782113372875,
2022-12-21,,,,,,,,,,957.2454341498506,,962.5275929402949,826.1831477646219,816.2149956254847,877.4856648389668,
2022-12-28,,,,,,,,,,942.6015478959717,,925.9640678103054,822.6684556621527,801.9391464708887,864.140317027559,
2023-01-04,,,,,,,,,,957.6642691042117,,981.3588626845548,828.1131251515918,808.9268691569229,878.4919873955862,
2023-01-11,,,,,,,,,,974.643849393242,,1045.3162643766839,838.0605800154665,838.6549118443934,879.2254058222053,
2023-01-18,,,,,,,,,,994.0798519661087,,1013.2711712114663,844.7944003036754,851.1898919950239,891.5431933697083,
2023-01-25,,,,,,,,,,999.2144852293927,,1034.5678344238945,847.2057440780146,858.3982223328444,914.3352564362691,
2023-02-01,,,,,,,,,,1022.069724091299,,1086.3045021575053,857.9656630379961,899.3884448983807,926.2733570963253,
2023-02-08,,,,,,,,,,1019.9040340374247,,1059.3655796524208,855.4973882944978,888.4349037467714,920.266314041639,
2023-02-15,,,,,,,,,,1063.1201967079303,,960.1929587499992,852.9700524790824,876.2392960669453,926.9990431875841,
2023-02-22,,,,,,,,,,1037.4084943055486,,929.3452386445151,848.0898080259979,859.9894029111134,896.9301124356404,
2023-03-01,,,,,,,,,,1018.9076532901153,,918.1435307181714,843.2189168482896,839.7971098098333,889.03600068775,
2023-03-08,,,,,,,,,,1025.9337105936224,,941.4591648695748,846.0911036663167,834.1079178451464,896.6255082058484,
2023-03-15,,,,,,,,,,1021.0571904148217,,909.8074996603325,869.4264846051892,846.74829599956,919.3395773227276,
2023-03-22,,,,,,,,,,1039.944905353411,,904.6274905307084,873.714811840785,856.7002536518152,924.9609420480464,
2023-03-29,,,,,,,,,,1029.9848996266585,,920.7580716819956,871.3266962713743,849.3824575537583,926.5869241547751,
2023-04-05,,,,,,,,1061.9745316569329,,1028.7537562433238,,941.8882795643904,880.5742498788416,858.9471249072387,929.3951112059958,
2023-04-12,,,,,,,,1061.7126056486768,,1018.4001074440316,,942.7480259328049,877.6402397749209,860.6893537952727,927.4401182175372,
2023-04-19,,,,,,,,1031.8751373715877,,1029.0937754912918,,921.5099952470509,872.643629181098,846.214103781018,932.3512442236893,
2023-04-26,,,,,,,,1036.938524565775,,1020.2263625417411,,901.1292531453765,881.2065640433935,848.5240423515072,931.0011950358003,
2023-05-03,,,,,,,,1038.4204336072457,,1034.8094901869824,,916.6145950998848,887.9954286124893,855.2013144624412,934.2848029875985,
2023-05-10,,,,,,,,1042.6126305550347,,1022.5779303728011,,919.2202458541294,893.0771823755389,849.6454272311111,993.8955490869955,
2023-05-17,,,,,,,,1019.8119717253874,,1006.6904480031214,,903.7509279554122,890.2871625095189,848.2274771482953,982.9748751547938,
2023-05-24,,,,,,,,1007.5444350021827,,996.3455750098244,,894.4282364063108,885.7916613553406,845.6690110450699,973.1282393655773,
2023-05-31,,,,,,,,1006.2136742531465,,1004.7457407384454,,917.7895044602194,888.4739218714891,849.8223899910045,966.9938866509532,
2023-06-07,,,,,,,,1008.3732338433188,,1014.7595248423149,,975.3385161558245,885.2900696595395,830.7432521537048,972.0926338966538,
2023-06-14,,,,,,,,1007.0127273816616,,1031.9899898883943,,1001.54894497809,886.8941887219771,831.4251989228846,992.5738468908957,
2023-06-21,,,,,,,,1007.8665143125963,,1036.9917809249162,,995.5657378302587,891.189691231155,823.7689962741853,982.9457255601244,
2023-06-28,,,,,,,,1002.5488589497327,,1036.539238752257,,1028.4863762889752,892.972199916371,832.3629831603839,988.0744203197123,
2023-07-05,,,,,,,,1004.0237087532095,,1039.5286019141654,,1050.3061079825886,889.267923837747,838.6603662723895,983.1837971847262,
2023-07-12,,,,,,,,1010.6384245905145,,952.6654222813619,,1048.8561771454383,895.6304752330367,841.6300671158152,992.500611297954,
2023-07-19,,,,,,,,1009.6037134483081,,963.9155679828298,,1002.4368908766924,904.3027278986726,844.5065447991805,999.7961766150844,
2023-07-26,,,,,,,,1018.0074012894072,,967.9222376466878,,984.2948355264983,888.6940220708027,841.611745240939,987.2661001065449,
2023-08-02,,,,,,,,1010.2530877053382,,956.7666909865108,,958.0116132224558,886.9187590354526,837.4974502439878,981.7713171803186,
2023-08-09,,,,,,,,1013.1289263470106,,946.7293840693501,,948.7739980641917,886.245865237092,843.2577550987735,962.3463012272744,
2023-08-16,,,,,,,,1007.4073590204895,,931.0604340746961,,914.662090529156,880.8094904671067,829.4113589711287,960.8744589313492,
2023-08-23,,,,,,,,1004.9548404540568,,927.5140132834591,,920.0582314771002,882.8872587269825,827.3186234590466,966.1996911930813,
2023-08-30,,,,,,,,1006.2873301141075,,931.7981867174129,,923.5910819483275,889.2132001843454,833.0406284945486,978.0552232820208,
2023-09-06,,,,,,,,999.1985812274625,,943.2949190875715,,923.2558484951849,891.388853772137,827.3121984893835,995.9406830120587,
2023-09-13,,,,,,,,1015.8946151105698,,948.8545842700231,,945.9080980275988,891.8645506585567,827.0852039546156,987.8176901586705,
2023-09-20,,,,,,,,1014.382781048505,,936.9293531595371,,937.1360486675354,890.2292825058227,817.9213565515719,967.973893987304,
2023-09-27,,,,,,,,1005.4949343109364,,932.4937443111079,,938.0892570791085,887.161669957465,818.2557489435928,954.095372226507,
2023-10-04,,,,,,,,1001.2262355057608,,926.1656424484174,,927.0671514354683,892.2075181165096,821.3084226523862,959.3090470327402,
2023-10-11,,,,,,,,1011.8616404318028,,930.5679577300556,,935.9391934048251,894.0227032216699,822.4421555260818,966.5412814429147,1418.340003523373
2023-10-18,,,,,,,,983.9157319625389,,918.0469939223051,,916.0461182214858,886.3543742769044,806.9539033122707,958.9209887673842,1334.7653405948301
2023-10-25,,,,,,,,986.3956591129163,,916.0866181823668,,911.437446536813,895.2429972123667,804.5561535474128,948.9721294899261,1287.7401848805243
2023-11-01,,,,,,,,993.5516606108214,,921.6048241606534,,870.8537601348116,902.3593480827288,807.0755173015991,952.4921624523201,1255.1346269671715
2023-11-08,,,,,,,,992.6107571339219,,921.2950251786658,,874.9393317972515,905.045820878269,806.2520179172448,996.8982927983275,1293.5137244166651
2023-11-15,,,,,,,,996.7583550456932,,934.8667870263553,,888.2613350132609,908.6291350919755,810.4960297170661,1015.9608217070036,1299.554453926925
2023-11-22,,,,,,,,999.5406826046914,,935.8059563220789,1164.1939236453384,883.5940731990646,912.7939211518636,813.0097014077446,1026.6209741723146,1250.8901659851601
2023-11-29,,,,,,,,1005.0799836099249,,937.5840132484585,1180.8617404696888,896.9144658691654,917.9126123552355,820.1224165708029,1038.0122843921756,1309.3566290348326
2023-12-06,,,,1118.2901408463279,,,,1014.3053939028265,,949.7574139317866,1215.0111523998826,901.3186683545338,925.2950744129287,824.3707158434951,1027.5923861024814,1358.8610117619435
2023-12-13,,,,1134.898305641835,,,,1028.180308763966,,964.1595576442392,1241.3803708773053,920.5267371295283,931.552025795567,828.4574754497543,1035.3087493103544,1415.9404429232795
2023-12-20,,,,1097.0744198397615,,,,1024.3872430727058,,962.4535532630576,1231.9295502537404,942.3902834476901,929.1611254465455,821.1287987836142,1040.827298948196,1563.391592190841
2023-12-27,,,,1106.0016792698298,,,,1027.5165401487704,,956.9159698275904,1260.263400489252,962.5732923226271,930.797149406092,824.7599587538759,1047.097607639,1589.912826059459
2024-01-03,,,,1116.1752778520583,,,,1033.3787279952523,,951.7651121168201,1203.843278923824,941.2627581091062,928.8072604703153,820.1677247949373,1017.5479822145383,1450.4696549476414
2024-01-10,,,,1089.5585804644859,,,,1035.4549056361616,,957.3856213109002,1244.8794142284264,946.0954592061424,932.5276078751384,816.3699859218475,1046.7156511490239,1398.8599088905094
2024-01-17,,,,1059.4920195903214,,,,1029.4910200251136,,951.1313950101717,1250.4741791847687,930.2647999123043,933.8407824330542,813.5845196886837,1040.717857574558,1308.6013936745073
2024-01-24,,,,1042.4778478495682,,,,1023.6166561903367,,957.4277403736896,1253.0767376165911,925.4329794954414,939.4890365024876,817.8733755746443,1036.5949726734227,1255.10698709088
2024-01-31,,,,1058.2992149543936,,,,1030.487058528512,,964.0329017130931,1276.8393608381145,947.757899877801,945.0165099695935,838.5680796785114,1029.4161486977202,1270.6726321589156
2024-02-07,,,,1043.097912448141,,,,1027.0622032713766,,963.9791598448345,1327.848124418767,979.3627676101775,955.1546810736235,835.9709933824266,1041.0569970480794,1259.6348423802535
2024-02-14,,,,1038.4472526929958,,,,1016.5264723223773,,961.7224962084531,1416.239229743762,1009.0788707018976,948.2016037835488,836.2523614575284,1024.146380531653,1270.8329519435374
2024-02-21,,,,1046.1790539973822,,,,1019.5626354305093,,960.0524775307878,1384.6008968263063,992.8097287204695,947.1130733570648,839.9545361870613,1006.5975745143082,1253.4903005142805
2024-02-28,,,1463.3752192663753,1043.0086224143633,,998.3010235699228,,1015.8190776145311,,962.8873845324184,1400.6347830943673,996.3338425675676,950.7617751586752,839.0700183043538,1004.4951501501125,1104.1461137382482
2024-03-06,,,1765.0060832246777,1054.488001717314,,992.5158758301762,,1025.1436321786357,,975.2714662682342,1414.4380236577335,1001.6532604909754,960.0719211114589,843.8729844592941,994.9106969008532,1106.3210757909605
2024-03-13,,,1831.772416086907,1058.1853974742041,,1023.4465720858338,,1027.2277438181625,,974.9438931857285,1406.6869665796844,1000.1751221098489,952.162145869043,841.1064127217346,1003.6116612772133,1132.724661743914
2024-03-20,,,1534.5834180625202,1055.6715475452409,,1046.3173985582741,,1028.6173361481797,,975.0644087710517,1410.1936282058036,1023.1192490766995,954.2200300118187,843.5593268175232,1010.0015568762867,1118.8976258905711
2024-03-27,,,1666.8840634011713,1066.6393662187834,,1063.7987633173707,,1031.3810687321045,,975.5485252638333,1406.212110937734,1029.999786996295,950.000603881481,847.3062510450588,1001.9034545502448,1108.255642072682
2024-04-03,,,1656.9269249730366,1061.3954767162368,,1054.2696781344494,,1030.3643582109605,,960.6073859088269,1388.0436103734698,1049.2257708132113,963.4025420083549,844.5701542602121,991.7186443599968,1087.5183216323849
2024-04-10,,,1543.01059267734,1048.1728132920741,,1063.9793978130165,,1025.1564954556432,,956.131233060533,1353.9344097584794,1022.043061086545,964.4944015832011,838.7414156409127,976.1617401738732,1068.6932056604305
2024-04-17,,,1596.3230566409634,1041.8334912739788,,1065.3637544935732,,1003.7452513875186,,952.9262800570074,1327.407918611432,982.7639583778882,958.7875944531095,839.1802777574104,970.9671053319186,991.8605995257985
2024-04-24,,,1392.107666693954,1054.5008519376934,,1090.3079387827854,,1015.597643873425,,954.887124291085,1297.0303106197184,1016.0666519791548,952.3304122194329,841.2440207564717,973.6953528017527,993.5482461014901
2024-05-01,,,1363.1001991616017,1058.5155965270358,,1111.1245940047615,,1017.1779706002575,,946.9006050702359,1281.1394078156104,987.5426963419168,952.8524910144456,844.412330319883,964.8805972287927,1008.6821010059235
2024-05-08,,,1452.010058808466,1072.5604389190348,1060.111313039687,1156.0425044127905,,1026.406750342714,,949.3795105172118,1272.4317902996088,987.173317431368,961.6758114339444,849.1605752199745,955.0779872285033,1050.6668112852844
2024-05-15,,,1589.2807204962523,1084.384526716508,1071.4590497932359,1203.64544820331,,1031.0709970849398,,940.9668852551127,1278.8276799754503,991.1019409113783,963.6130917818437,853.7883064182903,950.4384971225192,1054.2948354110206
2024-05-22,,1033.6573111479343,1507.941855017306,1075.647369266684,1066.3766725582595,1196.1222606701517,,1029.6276633232449,,936.5035858908764,1264.0412506833284,979.6815535088348,958.9502766054097,852.2361753564214,949.3602333227379,1069.713446740524
2024-05-29,1007.2435978748608,979.3785346061518,1473.18800816329,1056.8354779990475,1056.9220742014743,1199.4976454497112,1089.2269649372395,1019.606923921371,,938.4674936444069,1254.2367773969263,965.0830852971682,962.8946711837289,849.8838525138528,948.413141843795,1045.4548266203997
2024-06-05,1023.4719036977448,1007.9392899513928,1447.4539848143045,1072.7819326825104,1073.4092032978554,1207.1119793812818,1089.6853801613197,1031.871881086023,,940.9179591663449,1267.4033630296383,985.5034800593878,976.4393644067485,857.7622177781573,953.093705902421,1106.5609518858566
2024-06-12,1010.4919415680541,990.9788007831557,1419.21371935065,1068.2396057452993,1069.7061669857612,1159.5412525946995,1081.595764873552,1026.3787122020108,,941.9684742989755,1344.2691793990239,980.2619874722129,968.9085051159594,858.1835157024035,958.6139685454403,1120.560203975432
2024-06-19,926.9477264825194,986.6353051595759,1547.2505187959807,1045.8234939392426,1047.1948205212116,1143.0199321131934,1078.7939779472374,1023.0360896086902,,939.993737895886,1314.5525825481081,968.7464086897348,964.1934528332511,853.9532813228755,955.1620713527444,1094.8916200129604
2024-06-26,921.8345939147497,962.2814599246715,1457.4515487741442,1044.9773330035437,1047.8271802428583,1171.886795452121,1076.942042588388,1021.088165581056,,940.6366636546433,1310.6348898969648,979.0596367873883,964.5257663518619,854.6872073512577,956.3795542836519,1236.4835895089336
2024-07-03,930.5493233249084,953.4669967374739,1475.5639306927096,1043.1646229451346,1047.2966562932102,1157.481088854122,1076.344478886835,1019.1811103987155,,939.3876494055854,1282.5760101880212,1005.1703055764496,959.0097486484973,860.4769337085978,959.2071075563862,1238.124253339709
2024-07-10,938.0622698689624,955.3631156183856,1530.825274249027,1053.710034350187,1052.9561294496448,1169.143657567456,1082.5987954813788,1027.6549261730675,,939.6769550320744,1258.9474374534602,1017.9902978671414,954.1114125841809,865.8775942244309,958.2774644198583,1311.560380136002
2024-07-17,951.1667691930959,964.6442782963602,1454.0494511512834,1069.7625218181367,1072.2729395277838,1154.354817969995,1109.4111843688663,1043.3941107992655,,939.5845315612589,1255.6714214796395,1075.0391871846532,951.250689130793,872.4994868528603,960.7389333042818,1351.1418120339401
2024-07-24,940.2589622353096,945.8034313603291,1351.1625520038046,1076.4973127485025,1077.3241391050592,1199.2560643031875,1113.5145707921972,1046.890792068347,,937.7215531934639,1224.9169484500242,1038.5789741475282,974.0241857033302,870.5296864383579,954.9280226661789,1312.7606344788298
2024-07-31,971.478686789984,964.1970656599797,1350.4642486582027,1095.5310793789938,1085.9977472761584,1206.9938245453254,1136.6947220890418,1051.3386797542923,1032.9950271964135,938.1147107743664,1214.04315561456,958.1676720605071,981.2844866973298,878.3780201139357,954.0022535178053,1330.6667921639776
2024-08-07,970.5510691600557,955.3655218691946,1160.0075742754284,1109.4221948746651,1112.055211763094,1222.2203726394814,1158.609338936481,1071.6011817925125,1027.1966057581055,935.461475461264,1227.8779940935542,938.7257471226458,972.2041454142445,881.8108574702491,963.210020833274,1230.1933219124726
2024-08-14,985.410669411158,965.9499420444699,1230.6290075743825,1111.1083811927103,1112.5762075357118,1225.5916610628701,1164.4932638282053,1072.087012381148,1028.3537243612639,936.3131587088557,1292.797028636124,947.8536753205608,974.7662428197339,884.9033151177331,973.0217769586438,1215.687965168442
2024-08-21,1013.3811066384394,982.0384435733832,1274.5002043941463,1105.1700798561164,1114.8119041014838,1241.139178232416,1178.1327611685845,1069.5897887023737,1009.5747354958579,936.4397851007642,1307.950707361767,962.7548711757887,980.0481638951662,888.9934831791729,981.2486605755805,1210.7155084358897
2024-08-28,986.9670985104408,967.6917867838204,1115.5571314817541,1109.1280863168654,1105.199128848699,1239.6048282544543,1184.7930190444938,1070.6193692610052,1014.9548004596971,937.2364826328181,1289.6544621643966,968.2469999881187,976.9844867457718,892.3274762544027,976.6015364656711,1239.9109329970893
2024-09-04,1009.8381855268857,983.8601891850401,1086.5413371286184,1124.5094001251036,1126.9035840044694,1243.8404341038504,1199.4429808905472,1090.1469436448106,1018.3036453511213,938.9401667162958,1289.0703869826186,967.2504191463289,974.0813910221559,895.334388154197,974.4992893600364,1224.105716500646
2024-09-11,1030.4714057886918,984.9009872894957,1109.8359534193137,1126.9805617228076,1127.8920155272624,1270.5566553115434,1207.6057519203973,1087.3231836403995,1022.078920258352,941.0831958401436,1276.0155307446146,956.7285778560137,979.7210904625861,899.3164776314355,977.2647747534187,1252.954975500879
2024-09-18,1026.3160337191734,987.4308457912448,1103.2235463847583,1139.978542204497,1130.0241026212414,1279.4694234650294,1204.6292584791724,1085.4044851400558,1023.9647191401317,943.7260006633584,1309.6949531021157,970.5417804466649,984.699806214119,899.3811528709044,983.9812011838027,1213.8228437308853
2024-09-25,1099.7080060688845,1076.3052513693044,1121.2522072820877,1142.9949384914112,1132.8016929281282,1283.6174582132844,1193.0172378574985,1086.08120731569,1027.9033538446406,946.8420051852885,1347.6327117570727,958.5186137522867,1011.2376239837313,899.885925169622,989.5261919999812,1142.4134486980786
2024-10-02,1244.6078198079654,1267.0651118231517,1088.5013231960597,1139.4996624350533,1145.4403898859168,1291.7365967547778,1177.668210604002,1087.4137772995387,1038.1101824549912,944.5312579838865,1301.5986927334177,959.4799641093593,1003.9007865036581,898.6100318535474,988.6624842309269,1127.600616778119
2024-10-09,1179.2553394415752,1225.3982236039844,1124.324221670996,1117.8919657867723,1122.5152334501288,1233.0211342408738,1149.7756178421437,1064.322590662733,1028.973015134016,942.335840294062,1346.2371930274487,959.141695863203,999.8929071278667,892.7585962631325,993.3771076550069,1111.7323606052382
2024-10-16,1140.3027974514346,1189.2875483851803,1141.492409602275,1134.1095664610646,1145.136214305008,1276.1965207780038,1177.3781380477506,1081.3924793678236,1034.5737718966245,943.7666934872269,1391.4726715326183,967.0569777403335,998.6263936991659,894.7185173556035,990.9087257399954,1088.365564506475
2024-10-23,1103.965444326832,1175.6839357310678,1108.3801380607406,1138.9406111603837,1154.999749121147,1283.1773000457565,1176.421266954833,1083.9981599887446,1030.2920431226175,942.2338545827614,1360.8093031745598,967.5099362283596,1003.3894187450793,892.1902253921357,985.7890044755827,1076.8890011501458
2024-10-30,1107.187407494917,1172.7973472974816,1004.088187037864,1120.5083638542478,1122.7032931340812,1217.0513631567928,1152.5596707460204,1054.107748815158,1025.7466587925098,942.899237658531,1353.5575981692132,955.9405896270439,1013.3732136624509,890.3307546178564,978.5060863042123,1082.0761192603884
2024-11-06,1089.6449459894989,1148.1796966124066,923.9129217703611,1128.8013974181818,1110.8090280284816,1170.8268531092226,1148.6602109747841,1053.13503581298,1024.0587811276393,943.7461760500025,1297.4157055938776,973.3562968988618,1010.2816288925219,889.293587463371,980.381447276728,1053.5979826900223
2024-11-13,1056.9453217442376,1100.4156245176441,909.4599444282929,1151.9286425005619,1111.5012000601505,1170.8456348807701,1158.5205209889903,1044.9081379177883,1035.3356918325953,943.5480566631275,1263.5241843663296,972.541818242548,1072.94907859406,890.6476086009712,1067.6791958808692,1141.1927305115796
2024-11-20,1022.734547452374,1094.3317460009146,954.4250554783957,1161.8334693511945,1114.2354821655638,1198.91162696451,1168.3780421257168,1053.6990523631764,1046.3165112871568,944.0363370196745,1248.1788429395035,964.0209971421433,1074.7645697611638,890.5431664163476,1035.0624573380353,1070.91528928188
2024-11-27,1028.8746163352243,1132.105499417522,1036.6391559039855,1169.5071105724785,1125.0721585759215,1216.557997745867,1188.5391437957653,1070.084008154558,1057.4687300254504,945.8910960989994,1269.5790297056737,974.740031337328,1080.048623098748,894.59097374449,1059.416839577342,1157.4369329089675
2024-12-04,1018.4675431257485,1110.5882623677026,1100.0432739017133,1154.7548287817858,1103.7508342895412,1187.3348675911197,1146.3202204399015,1052.8274122060136,1054.8813622586558,947.696090040216,1271.9261142687876,968.5728543407023,1110.5597396918167,897.4501161752437,1062.6367309744144,1151.2397635042867
2024-12-11,1044.2240185582064,1151.1591708320127,1069.0614121131412,1145.222903581023,1090.1603907441283,1168.1954249389166,1128.550487841134,1040.2394821403286,1046.2536128819604,948.4197667682043,1159.6452081450127,962.7858609903224,1082.3169220966126,900.5148974445847,1075.5763557652756,1216.874271168524
2024-12-18,1009.5744485996177,1117.2246939462918,1014.5521463054758,1103.769297994957,1056.9923936362943,1132.4301148023778,1108.8144555752624,1027.9538946551481,1045.3292137839942,946.0283703587521,1154.0595575018915,950.2938868412054,1053.2402372680679,893.4640056147617,1044.9076099543547,1184.2282356429398
2024-12-25,1050.3341282949232,1117.958729076676,1033.816372157985,1115.1178202163119,1064.9148846344367,1155.277716208925,1120.1874263839295,1038.0887506718243,1056.3767985451111,948.4060293974062,1156.916226399933,957.9129687450139,1064.7096874029205,898.1669445132069,1046.0264818861215,1220.9805329282399
2025-01-01,1046.8847103294825,1092.9314398982262,1007.5758223351542,1115.4921861486098,1063.0068238045599,1145.473188821145,1116.055765112311,1033.974793143806,1051.2094894304469,949.3143950753463,1145.4513413025134,953.5041927147427,1045.6303566465615,900.5666859002399,1036.0334398904126,1196.24760078077
2025-01-08,1035.5388603179813,1092.6470449015176,1026.7724996454065,1108.2302823093914,1066.0356126116392,1136.3359268154911,1119.0603504148935,1035.3151603173067,1046.2077772875227,949.6453282223555,1188.431644527103,951.1895963850636,1078.6403280943214,901.1236775158585,1040.7563631542932,1228.7872498013967
2025-01-15,1028.1164625960519,1104.4273207741546,1016.0756763179511,1116.6835491990826,1063.0136395822703,1125.5209021729981,1125.6368884077322,1030.8555114207204,1053.4487813119722,950.4992388278773,1209.9663225269019,955.2432183414307,1090.6949771327836,903.8002535558843,1032.2595147035909,1221.0693393758336
2025-01-22,1057.9396605612496,1166.766250881878,1045.587614970883,1128.459830342852,1062.4984879011868,1119.093608235829,1138.391523600033,1037.7875732162659,1059.7183831881828,951.1705165706991,1217.899167308382,956.6587079199519,1093.2741483034497,903.2308347895922,1037.278760846612,1176.9910392502259
2025-01-29,1135.934885808797,1187.4492909790938,1003.6277975584118,1132.3854192054782,1063.3462756230294,1140.123743153309,1143.2809533583236,1045.063456502997,1059.033605533225,952.5065244000307,1207.4053302841703,960.9549333191054,1148.6205027142523,907.7322448578501,1055.7791317839412,1171.3776162707418
2025-02-05,1158.7500454229428,1183.5544283331287,1039.686362077567,1153.1345200503476,1069.428520491657,1124.1083526188604,1163.977338535798,1057.0129468269581,1059.6873993649438,953.1110124649249,1188.7473891677475,958.9646858713644,1280.4929753221309,910.5894873565858,1071.00698856808,1187.7979585113999
2025-02-12,1298.4922340280332,1171.7185078271891,1105.512243668789,1167.0944557070993,1081.8872323916128,1122.536610537853,1171.1079803052892,1066.8982509360237,1062.0856504217302,953.754872745537,1339.259930725084,949.2801777212333,1303.086721363799,909.2679009623415,1067.9791225891227,1170.3183901019802
2025-02-19,1361.3726150628042,1173.3112096054674,1301.0026227259395,1178.1774275140435,1081.7080756167636,1120.4188965739334,1180.38422330836,1050.7206725659526,1060.113309122108,960.4974242891532,1363.0131885928786,949.4113839290657,1306.0621134671885,913.2345563745699,1091.6272739347269,1227.0680765681443
