Date,realized_pnl,unrealized_pnl,available capital,SPX Index,LQD US Equity,HYG US Equity,WORLD Index,SX5E Index,HSI Index,CCMP Index,GSTHHVIP Index,rf
2018-01-03,,,,,,,,,,,,0.0224124
2018-01-10,-0.0002520122418192196,,-0.010735350314397207,0.01296322233935121,-0.0037199305612961586,-0.003646308113035679,0.01633274365409143,0.028476757040126754,0.016778601450543995,0.012460494824875212,0.013651877133105783,0.023278599999999997
2018-01-17,-0.0003950952481898685,0.0002459980790392712,-0.002342128673946231,0.019769087740109104,0.0007467640225689021,0.001143641354071523,0.01761658031088076,0.0008172129989501009,0.02927522034696839,0.0202290604551294,0.018596820922402335,0.0240347
2018-01-24,1.6286555488280787e-05,0.0017927874141174982,0.0003640461654301763,0.01248144553551045,-0.004228505099079682,0.002398903358464599,0.016579684317718835,0.00842564451751815,0.030493308874819824,0.01600103037976086,0.020332859284313942,0.024354200000000003
2018-01-31,1.7402995601425857e-05,0.0005280736918823613,0.0019192198089263979,-0.004838698309098777,-0.00024979184013318445,-0.00512820512820511,-0.007825950853028618,-0.00931318998029207,-0.0021669550579833663,-0.000482801218061768,-0.0045204550591425585,0.0250892
2018-02-07,1.7053869341944146e-05,-6.922576778409901e-05,0.0013948370421006384,-0.05033978915011994,-0.01632381111018566,-0.01557846506300109,-0.051940369143397946,-0.04288100983850007,-0.07796542552787133,-0.04850583149384469,-0.04680995988798908,0.0255448
2018-02-14,1.8279800723624656e-05,-0.0019417111682254145,0.0021860810397764663,0.006328169864934452,-0.011514689696046077,-0.0061670933209215795,0.0031282499272016207,-0.024515706957840777,0.006344976783452916,0.0129949319198297,0.004446385326928537,0.026317499999999997
2018-02-21,-0.00039217253620244853,0.0021554641420251978,-0.013447037266373862,0.001000507665000372,-0.0020556745182012115,0.004097880810209675,0.007364955088702718,0.017902980269034252,0.030026937042037627,0.010444284550410021,0.008655784356349505,0.0268693
2018-02-28,3.3484838947184746e-05,-0.002986204687656275,0.001970129812978172,0.004627350231182437,0.004806454381597991,0.004897388059701413,-0.0014572818811285915,0.0025654779951955753,-0.018680709305103793,0.007589118107901971,0.007797805642633326,0.0263444
2018-03-07,3.621252245824887e-05,0.001651368267544368,0.0056828085181819255,0.004779223459096649,-0.006833518407790229,-0.006033882571362392,-0.0010636368133770668,-0.01791239211854745,-0.02100197375758328,0.016999839131253802,0.013180916831914136,0.0264514
2018-03-14,3.3624494766127525e-05,-0.0021362548941728523,0.004365062461840541,0.00831744168989279,0.002064161004558418,-0.001167406023815043,0.010614677308857567,0.004032735627827577,0.04100053912783164,0.013541265302535743,0.010438253127638353,0.026073
2018-03-21,3.0489825310913922e-05,0.001769583264263409,0.0017159215168471853,-0.013657127893274446,-0.005321431636769458,0.0010518934081347187,-0.011164743259909127,0.0029666939940666825,-0.0006518210110318945,-0.020211263190610507,-0.015609570831750852,0.026732
2018-03-28,3.463043234848906e-05,0.0009695672595966069,0.007264715756603923,-0.03942948379936051,0.008370006040210543,-0.003502626970227851,-0.029759151579225596,-0.020520193823065913,-0.04431040168686329,-0.053920267273314004,-0.05463173733554538,0.025851700000000002
2018-04-04,3.202192768339958e-05,-0.0012615588444987325,0.00026170632083322154,0.015236084452975085,-0.0015403046380283447,0.0004686584651436565,0.005048140360435438,0.002731707317073173,-0.016782063337100528,0.013365509560052002,0.014120719911847601,0.0261271
2018-04-11,3.228233031846814e-05,0.0010715287366244099,0.0007499154688723753,-0.0009452903742971364,0.004799451491257933,0.0063239255182105936,0.010909522115498671,0.023757989432245052,0.04671684278672261,0.003822717906990958,0.0016097227252604984,0.0260724
2018-04-18,3.433146099761495e-05,0.0004413030122245648,0.00369732491565955,0.025149591815879946,-0.007335380416240156,0.005120446875363616,0.0174193548387096,0.02081463048036225,-0.019854545854692818,0.03200014712060928,0.031098075455020302,0.0272425
2018-04-25,3.588656957808933e-05,0.0010968562851606653,0.005014288042130222,-0.025562643983696565,-0.014263619178553011,-0.010072941993747864,-0.02305050688056398,-0.0014494870935491955,0.0014495983886013697,-0.03995756136878292,-0.03635584304251249,0.0283346
2018-05-02,3.666618244533767e-05,-8.671671388688118e-05,0.0025858454606850767,-0.0014131999696901376,-0.0020048814504881607,-0.0015204678362572555,0.0010452667959199857,0.019496074105736616,0.013048273633571528,0.01387258807437175,-0.00800646987464626,0.0278606
2018-05-09,3.7740602408725714e-05,-0.00025033847175026994,0.004810200044996549,0.02356895969525774,-8.73438728272724e-05,0.0016399203467261092,0.013077454233120456,0.004488166155006246,-0.006110556349002816,0.03365911363348317,0.02865644872003914,0.0283156
2018-05-16,3.62332940778966e-05,-0.0016998867308210901,0.004452391562045355,0.009144521997635158,-0.0039308176100628645,-0.0008186177055315991,0.00660809429210274,-0.0019301125572169786,0.01879936363928114,0.007955138414503793,0.012244897959183598,0.029324799999999998
2018-05-23,-0.00011193924314460203,0.0014962669226252954,-0.005945003842257934,0.003978019879079975,0.00605103920021044,0.002457865168539408,-0.002113920496771282,-0.00590257799233751,-0.014289847059806848,0.0037386967276265004,0.00904321954274967,0.0282015
2018-05-30,3.336580192483874e-05,-2.351906774686664e-05,0.0013606814815687596,-0.003395175777176851,0.007147838214783819,-0.0022183304144776095,-0.010666468066795831,-0.028411946400438204,-0.01985446904092003,0.004913842789349809,0.0008923375363725228,0.026713900000000002
2018-06-06,3.356572339542793e-05,-0.001282358950638803,0.0018640819650641571,0.017745896674387973,-0.010645663839363051,0.0025743037678447322,0.019036944720927984,0.005704422016802324,0.04000127758153815,0.030390823389101485,0.020466702845181706,0.0279977
2018-06-13,3.301305162483189e-05,5.126787120283436e-05,0.002081258042778922,0.0011831118004581587,-0.00017496282040063704,0.0028011204481792618,-0.00026265461738606,0.0054149016707023545,-0.017081425888781143,0.0008401350458562273,0.008090860746030604,0.0282044
2018-06-20,3.1883446475843275e-05,-0.0008504064039297932,0.0005894599306282,-0.0029939148949967853,-0.0029748884416834764,0.0018621973929235924,-0.013201862053677682,-0.01148421064732319,-0.03348982836536207,0.011151682108190286,0.009947624251102072,0.0279932
2018-06-27,3.474772120943588e-05,0.004630600082269739,0.00449822226121932,-0.02446048884841656,0.006230802983764772,-0.006505576208178487,-0.02170675496909147,-0.012347365972787516,-0.04512063340154637,-0.04323448375124661,-0.043241428198335874,0.026880799999999996
2018-07-04,3.2916227559979386e-05,-0.0005649322026302872,0.0005985010860483087,0.00503402318095425,0.0,-0.008536014967258976,0.003070145598040641,0.004386055287845858,-0.004041082991903755,0.007733956204693193,0.007877086257993993,0.027090700000000002
2018-07-11,3.3407092883806536e-05,-0.0018130665107975773,0.0013450862698922705,0.02240879840189902,0.006105006105006083,0.006486613987498391,0.015753105260926548,0.0030245923980738443,0.0024793151396500512,0.028515181928566724,0.027315638783564244,0.0273792
2018-07-18,3.290625017622225e-05,-0.003675388793942445,0.0014031242035663638,0.014996286977022377,0.00043342579750338395,0.0032809936723694477,0.010842800263766383,0.018329510424123674,-0.006861829866037672,0.01786147025701701,0.012051822838204496,0.0276158
2018-07-25,3.2137270665673184e-05,-0.0014512988260677313,0.001178088768746699,0.0108146695931981,-0.0009531236461312043,0.0036206493809858298,0.009958547340258583,-0.004771769945022819,0.02857587929475769,0.00990522557941742,0.005098243524858326,0.0282634
2018-08-01,3.355132974151078e-05,0.008698233680044257,0.0036097801319767697,-0.011493041281486427,-0.002515177797051127,-0.001163737926219155,-0.005281747718873686,0.011757413253759008,-0.02006023325691797,-0.02835895030911817,-0.029656781072975646,0.0285614
2018-08-08,0.00462928982888654,0.004008234825420191,0.009118475630323752,0.015760514118349445,0.0006086427267193439,0.003145753233135151,0.006189278492873873,-0.004453968534407826,0.0006492420451971181,0.023489449599015888,0.018238705738705896,0.0282171
2018-08-15,0.0005853097363570674,0.00266935809288925,0.007861241190523671,-0.01376281625083109,0.005561348627042051,-0.003135888501742068,-0.026336641751419365,-0.03850469429814518,-0.036515564294262726,-0.014478349663363477,-0.02109720452671815,0.027168499999999998
2018-08-22,-0.00012220973419957735,0.00042691158431053803,-0.007435376831123608,0.015416712496939766,0.002160387141375786,0.004776884539205328,0.019615575001468155,0.018189504269026102,0.022105074772385436,0.014790098429147136,0.021666730467404083,0.0268896
2018-08-29,1.935693020581303e-05,-0.0018288612487938312,0.0005799769903398477,0.018247129449091792,-0.0040527722686901635,0.0009276437847867136,0.016185437220745724,0.01051114268839659,0.0175045600084216,0.027961364414191614,0.02383004233954078,0.0276026
2018-09-05,1.8762189086361244e-05,0.0006576294451474934,0.0008922391503531912,-0.008730147835994018,-0.005974025974025965,-0.0069508804448562556,-0.02034883720930236,-0.04065529942450086,-0.0412644933707389,-0.0141213782524362,-0.021006404391582856,0.0275351
2018-09-12,0.007078436148768797,0.005434008188290966,0.00881352894033438,0.00011078030880007361,0.0016549081090497797,0.004316378908072904,-0.0018514997974922176,0.003311597830873314,-0.03299129895370878,-0.0051205915571527205,0.008111846286120272,0.0284667
2018-09-19,2.01578115756259e-05,6.90329405515406e-05,0.0007087854184448794,0.006587236752834791,-0.005304347826086908,0.00011615750958293702,0.012835482241489338,0.01261347922804057,0.04032371937943524,-0.0005267637470879327,0.008936517353900886,0.0293988
2018-09-26,2.0053532443843043e-05,-0.00010194833272496476,0.0005805952372266443,-0.0006808920373458927,0.004108750764926894,0.0013937282229965486,0.006001193697929175,0.019174365307431218,0.014941236608985164,0.005072930450664481,-7.350509022741036e-05,0.029292500000000003
2018-10-03,1.9650312846130566e-05,0.00014607787539047866,0.0005258610050513646,0.006724088686393959,-0.008793313599164243,-0.002551612154952476,-0.0038441845533675467,-0.00805965367082706,-0.026085249706383262,0.004345230571300318,-0.00011026574043437876,0.0300082
2018-10-10,2.020245861095305e-05,0.0005871937488028091,0.0005459066249129396,-0.047796794405078225,-0.008959156785243727,-0.015930232558139634,-0.04415436077343571,-0.04069323560848981,-0.03315423498205694,-0.07514432859942999,-0.06885016909278052,0.0301204
2018-10-17,-0.0003826898658847178,-0.00027027943023620653,-0.009060095123687884,0.008446770626920674,8.862891075067658e-05,0.0068533616920714024,0.0006743030778948444,-0.007291315926413522,-0.02790089134263385,0.029728983232395256,0.034226836682325956,0.0303892
2018-10-24,-0.00025261760758142924,0.0007198067654451472,0.004499249411624495,-0.054502867354167206,0.00035448422545192315,-0.009036498063607512,-0.046444381893088194,-0.034766333238772984,-0.008344899470824618,-0.06990984861370986,-0.07336437896022607,0.029186800000000002
2018-10-31,-0.00017747886876884447,-0.004798716689645122,-0.008618153900607939,0.020948006475659753,-0.00575832742735638,-0.001065845570819568,0.015287319307284886,0.02146099612500918,-0.010696726862570727,0.027784030161499107,0.032624814631735166,0.0296272
2018-11-07,-0.00032835614102956105,0.0019307000787804683,-0.015079170349739601,0.03766954059017458,0.0017820547090796612,0.008298755186721962,0.03250191628267607,0.015214964143974496,0.04675798618797922,0.03625152274189358,0.037218764959310535,0.0304657
2018-11-14,0.0013380051571397055,0.0013692771684293786,0.00881001774319956,-0.03991271869191759,-0.00631504046962561,-0.017754262198706572,-0.03213584776858103,-0.012568696552233916,-0.01886438151897929,-0.05737344384638243,-0.05184415984000612,0.0292873
2018-11-21,4.400787791449444e-05,-0.0016150474268968279,0.0009162694652549153,-0.019118441800724084,-0.0011636233440743826,-0.004429016040220279,-0.0123342502468613,-0.016051239174383003,0.012358099556295077,-0.023000424584418755,-0.019226868940899755,0.028725
2018-11-28,4.5202113394066555e-05,-0.004351624771210559,0.0036528844816006156,0.03541980354198038,0.0023299578815305644,0.006973668390044541,0.022111135907163515,0.004559419894670569,0.027379659295373004,0.04580157051167122,0.05062244096116464,0.0285034
2018-12-05,4.319186377813817e-05,0.0038370029046607295,0.0016330341035992735,-0.01593780865153671,-0.0027715690657128533,-0.005611940298507423,-0.007991126792545211,-0.00568761066695278,0.005138937193432724,-0.01826213487044659,-0.014407747116482295,0.0276892
2018-12-12,4.388656942525458e-05,0.001811655710840709,0.0018868745447060409,-0.018144041243527864,0.009055047516585812,0.00036023054755052186,-0.01685051986582964,-0.01342742050681378,-0.02360095273321683,-0.00839848961294587,-0.013180492870551674,0.0275014
2018-12-19,4.827981006516924e-05,0.0047056533812674965,0.005308199613787146,-0.05435918327316902,0.0023100844069303683,-0.023646621053895034,-0.0380217241410189,-0.018208026461001725,-0.012270346293978829,-0.06501265794252442,-0.056380782774112626,0.026032700000000002
2018-12-26,4.876058256995374e-05,-0.00047774046179272276,0.0018122033345862043,-0.015660401442384453,-0.007357503767396523,-0.004548807474797245,-0.021689147048693513,-0.025431116412901633,-0.008273990842589174,-0.012426113069040512,-0.02251865831689115,0.026362899999999998
2019-01-02,4.54264204975902e-05,-0.003776829770719296,0.0008661018767237572,0.017153624832840553,0.010626897660296564,0.0002470050636036447,0.015052760782895636,0.006523683661871393,-0.020311967621235327,0.017023782642393792,0.025450875422353025,0.024425
2019-01-09,-0.000999117282536542,0.0012878498720448463,0.0020792230995358985,0.029852232841838466,0.005920296898471289,0.035066057537967765,0.03773001246730856,0.025745194074529465,0.05300244525046405,0.04367576065791168,0.036972056998587854,0.025321899999999998
2019-01-16,4.661658691774777e-05,-0.00021886504056930367,0.0004924211026533509,0.012046608071304643,-0.0008784258608574014,0.002385780746749333,0.008906633906633932,0.0022734379071343014,0.016619102180005285,0.011155542267732965,0.010852969091734499,0.025231
2019-01-23,-0.00041101232788995525,0.003453546662399316,-0.012482004883070497,0.00863881350101292,0.008000703358537198,0.0009520409377603567,0.006312113886650428,0.011344655240769441,0.003943930027767495,-0.0012680018593568265,-0.0015512736773350966,0.0256278
2019-01-30,4.906183999450181e-05,-0.005482246908817784,0.0037648228263338357,0.016049569863948232,0.010117749672917453,0.009392462251813116,0.016353040615685543,0.015940850799934347,0.023498418998674442,0.022390428380091976,0.036675116526289964,0.0246701
2019-02-06,4.430758499030426e-05,0.0021656872365029963,0.0027003123055362455,0.01885828313533877,0.0023314048873153137,0.002355712603062221,0.017332994843871852,0.016133521415423235,0.01256599807906933,0.02675732415621157,0.02666140800631034,0.024831500000000003
2019-02-13,4.10434781508191e-05,0.0024436654154203256,0.0014548485114704857,0.007841529354483345,-0.0011199172984148742,0.00023501762632216483,0.001961914759966543,-0.0032308769745545973,0.01812705228006517,0.006115022073738263,0.005378202911912711,0.025120200000000002
2019-02-20,-0.0006933056301158957,-0.0002909482765737991,-0.026679034066369067,0.011503688663036638,0.002069857697283295,0.004464285714285587,0.013740864472136183,0.01783678962768187,0.0005775927016986593,0.009256938323913166,0.017232814947843123,0.024572600000000003
2019-02-27,0.0011084773554496281,0.0038453280738518485,0.018968657661747157,0.002757927245304881,0.0,0.0035087719298245723,0.0049474335188619545,0.007142221635900059,0.008535792004292553,0.008738067610531086,-0.0010517617008490854,0.0246362
2019-03-06,6.572463089277411e-05,0.0023379927017216076,0.005668206235444062,-0.007495398190790703,-0.002668043721490654,-0.005827505827505797,-0.006195995785036823,0.0127636112185745,0.00974217454683024,-0.006431919475915704,-0.013649695420019481,0.024752700000000002
2019-03-13,6.215844527198729e-05,-0.002816217584317328,0.0017281442490613141,0.014241642461527482,0.006817397307559592,0.005392731535756257,0.00698108406141329,-0.0003669537126993472,-0.00792593051767354,0.018317541354024636,0.019823872517250596,0.0240015
2019-03-20,0.005307808755008955,-0.00045719197518432177,0.02455329933057171,0.004735104520939837,0.008056912659638371,0.004780783582089443,0.008777471717503538,0.01472265266515227,0.01782594433037299,0.011193956624072188,0.005981084819259186,0.023130500000000002
2019-03-27,0.0007359481309508187,0.001148473543035482,-0.0059780291397618646,-0.006677926372852139,0.011818722897712686,-0.0010444470233260672,-0.01047972944762221,-0.014927143441723745,-0.020214883750435342,-0.011073920587089892,-0.011593772063468455,0.0216208
2019-04-03,-7.30932630415225e-05,-0.004552370370211154,0.001475733497969367,0.024249920687823723,-0.00697478991596634,0.0006970260223049252,0.026025316455696057,0.034171773970210984,0.04379452281291063,0.03299194858818999,0.030038723260273015,0.023048000000000003
2019-04-10,5.0785204444737956e-05,0.0019929645872025616,0.0004654538171535716,0.005154172757012576,0.008800880088008833,0.006501044810773182,0.0035777733912358833,-0.0031756103808403546,0.004441014740353966,0.008699837250096598,0.011132199430615275,0.022614000000000002
2019-04-17,5.108084579626261e-05,0.0035580769764548023,0.0007766288344321914,0.00423791898788517,-0.006123647345021355,-0.0006920415224913601,0.005048394102557641,0.015499394098666963,0.00016998920302957465,0.003997870481050381,-0.003898494747861192,0.023899499999999997
2019-04-24,5.175780837478643e-05,-0.00461578526388766,0.0013800960016554509,0.009239945525694404,0.006752194463200523,0.000807940904893778,0.0016716271863661536,0.0071598427710029,-0.010584344796359613,0.013248992006082982,0.015002717883674466,0.0230275
2019-05-01,0.008282497720310903,0.01342544799274469,0.013901981802701302,-0.001202493808181715,-0.0037726358148894024,-0.004843731980163635,-0.0007977857375447428,0.0034231420389820855,-0.0035805075718408075,-0.006465054393842484,0.010103895176550637,0.0228837
2019-05-08,0.0001825977989552388,-0.002279051452244187,0.002213572566692079,-0.015155298197849998,-0.0012623074981065185,-0.0019701008228067973,-0.019895390330938123,-0.027701430026574658,-0.023432015302815468,-0.013208044086443715,-0.023469532023186912,0.0226978
2019-05-15,-0.00012586030688919544,-0.00233332595369377,-0.001242700702544508,-0.009883934959123764,0.006319514661274006,-0.004760798885276474,-0.0121363258520365,-0.009212058783938049,-0.025324446957577185,-0.015254326906129934,-0.013319820471984767,0.0213768
2019-05-22,4.915097488367429e-05,0.0009510706212816946,0.0016353318405692985,0.0018625305160366867,-0.0017583521728209428,0.005716952514292384,-0.0011023224503535767,0.00027763174216866027,-0.01990787694238616,-0.009116419398758624,-0.0031914893617021045,0.0217529
2019-05-29,-0.00038421424809500517,-0.00013027079732066653,-0.01812547858375846,-0.025645334649735507,0.005368226807582532,-0.00997679814385155,-0.020074299337034196,-0.026252539330089197,-0.016972172754290193,-0.02625908933741372,-0.029624995399845422,0.0205392
2019-06-05,0.002505913748491196,0.00242205877521709,0.022746246308325446,0.015497553017944643,0.007759052227598984,0.0042184204359034805,0.014768839296460001,0.012778177032636728,-0.01249352412696425,0.00373245566963587,0.009557038834951292,0.018567800000000002
2019-06-12,5.186605565348254e-05,0.0019631367370797474,0.003075983074663391,0.018997576207915312,0.005132875238016421,0.0052508751458577585,0.018442275761580307,0.013976257129597824,0.015356506530475045,0.028676730715413434,0.010368144252441702,0.018649
2019-06-19,4.963464386578263e-05,0.0011976640176099992,0.0010536156954985554,0.016188399355519634,0.016555473190017267,0.011839814277422978,0.012069438783573583,0.020099627062891257,0.032725389860871035,0.024972025172211865,0.026806960142772285,0.017678100000000002
2019-06-26,-0.0002588480041571256,0.0005685720809421553,-0.009042267688558092,-0.00433287999835974,-0.000729217306757457,-0.0029826775266720285,0.0001397199026893503,-0.003401163632153259,0.0007034927136735369,-0.00968409929738634,-0.012021580910308804,0.0179275
2019-07-03,5.606810644081039e-05,0.0006099408999351867,0.0056958992138576026,0.02815586626306721,0.012973323603340692,0.004947646991140253,0.024085989695042276,0.02837101903890571,0.022434995701931637,0.032902779656559966,0.03694337548103355,0.017272700000000002
2019-07-10,0.0002053479820204126,0.0004090926582028027,0.005581896128954433,-0.0009179456709682565,-0.010005603137757113,-0.004350812915044799,-0.006347295779168705,-0.011046056775206758,-0.02254191107719461,0.003953377077511977,0.002191354752058894,0.018171299999999998
2019-07-17,-5.776002159650814e-05,0.002917877162629187,0.0010221558059215763,-0.002890009254711723,-8.085381630018595e-05,-0.0029898804047836514,-0.0005329930791655446,1.713541547676556e-05,0.013773595809774886,-0.002111543633488755,-0.005007935108446548,0.0181229
2019-07-24,-3.909996703849181e-05,0.00012261934332002448,0.002548343360448735,0.011774482143934062,0.007277431875151619,0.0046136101499423265,0.0074739623312298775,0.008944533610541594,-0.0024177102433902142,0.01665076399994625,0.009073831212561556,0.0180715
2019-07-31,-7.608977077919269e-05,0.0017342072960889107,-0.0010935013436282892,-0.012975400389460656,-0.0019266275989403558,-0.0019517795637197244,-0.013441550109072442,-0.01869568909394559,-0.026163544855497323,-0.01755452742894914,-0.021988829955390088,0.0181764
2019-08-07,5.139010587865618e-05,-0.0023046660281694545,0.002416851666664943,-0.03234486877512266,0.013190702163596857,-0.010353157713102523,-0.037427242870614275,-0.04524568412247432,-0.06410598410598412,-0.03823534448383081,-0.03835793556728806,0.0151933
2019-08-14,5.314813901907846e-05,-3.714791764174704e-05,0.001794517528375339,-0.015041713188024941,0.008176549972215508,-0.0054632105079622795,-0.011426592797783908,-0.006432043601340198,-0.026724206572827702,-0.011305089897657772,-0.011316526610644195,0.0149035
2019-08-21,5.392378255327294e-05,-0.0064196215460532065,0.0016267219158794255,0.029511370837147055,0.011023622047244164,0.014375876577840119,0.022536414506001634,0.03228935445616821,0.03824793654959158,0.03167891699704395,0.027387428226050226,0.0146308
2019-08-28,5.1618701053149986e-05,-0.0011487226684850805,0.0007876485935705002,-0.012477645216332656,0.005451713395638436,0.0041479433114413045,-0.011395820975328652,-0.008692476044879105,-0.024916597005562258,-0.020364803415371946,-0.01893591204912315,0.013723
2019-09-04,5.2864961134446365e-05,0.010640095345512931,0.0011270670407090844,0.017257976273745257,-0.004105344694035673,-0.004934021801491717,0.01878660345308414,0.02539089196465172,0.03543755572802065,0.015273238231970021,0.015141293756090413,0.013033699999999999
2019-09-11,0.00791849042583001,0.008908027877263172,0.016399619301035395,0.02149582337683542,-0.020144668274091893,0.006342250922509285,0.020895547149777816,0.019122935641570304,0.02397257045993273,0.024169850869011356,0.00926677988628799,0.0159172
2019-09-18,-0.00019928527096545157,0.0032452295130891875,-0.0057225669573101046,0.0019327341857358071,-0.0003175107159867352,0.002291738283488165,0.0030957739841228626,0.0031903822203012133,-0.014909941654829062,0.000943733414282999,0.006730804404287083,0.0166078
2019-09-25,-6.738934571860739e-05,-0.0005217932956249552,-0.0010333842916928626,-0.007270356832838387,0.006511037001746933,-0.002743797873556608,-0.00778440203479891,-0.004254486910579169,-0.0302297365788895,-0.01223006362665846,-0.01587878347443772,0.0159806
2019-10-02,5.2004285303993205e-05,-0.0013987435226204736,0.0013829861503336094,-0.03258433365607205,0.0037866834963711238,-0.012839619396996516,-0.02717750691887577,-0.02838575247009001,0.0037517320059279324,-0.03616643020385324,-0.04593117707871808,0.0142692
2019-10-09,5.3469475305419994e-05,-0.0029814685256285907,0.0009547208680369401,0.01100910441506997,0.002514932411191495,0.0022064800836139042,0.007300985213406941,0.014296972733212066,-0.013818848974510578,0.015219806685719872,0.01784055727554179,0.013847400000000001
2019-10-16,5.3348407050638874e-05,0.00110623129337547,0.001108050822927753,0.024076865109269097,-0.005957980558168763,0.007531865585168163,0.02663456411623577,0.0396116818934118,0.03821505512831336,0.02789059356709611,0.02235656438918676,0.0156474
2019-10-23,5.311537070554323e-05,-0.000580806495663627,0.001150382316906562,0.004960380507678108,0.002681388012618413,0.0031052328924667805,0.005842780514327073,0.002122664443981348,-0.0036584524314925426,-0.0005403622273263409,0.0018966863773290932,0.0158769
2019-10-30,5.400542859031881e-05,0.0030531271412891172,0.0011856860211698628,0.01406214636614167,-0.0015730690577316908,-0.0012611786287548554,0.012997281139823569,0.003715111910815194,0.003800994702773064,0.022684084194295684,0.02538975501113594,0.016013299999999998
2019-11-06,5.321267374354683e-05,-0.00022667438792439818,0.0007960402897730923,0.009849775335847522,-0.0005514416259649879,-0.003443921478590295,0.01218540936604029,0.018907325103789896,0.03828337716286856,0.012843239025142061,-0.00018100202722270975,0.0162123
2019-11-13,4.75869970125076e-05,0.0006635735439135436,0.005480053404518737,0.005609760853879653,-0.005517458816110987,-0.000921552816495752,-0.0003855535447321312,0.0029169852036197153,-0.040347954973592115,0.008497579848358638,0.016908649842499734,0.0168197
2019-11-20,-6.713415343982752e-05,-0.0009923199855494484,-0.0012810829275272662,0.00466057323111535,0.009907267971784206,-0.004496713939813213,0.003786179264961609,-0.004222192188133467,0.011973372934720228,0.0052616686905364585,0.020081179235206026,0.0157735
2019-11-27,-9.595186774751016e-05,-0.001925601477531077,0.0027684371064142788,0.014531311324578855,0.006356929838329917,0.009149872596710518,0.01054719969887552,0.007863991226641387,0.002394605202529876,0.020927131502932683,0.01787085514834197,0.016181
2019-12-04,-5.7122681301376236e-05,-0.0006648441654223102,-0.0017408716078030073,-0.01295966869924492,-0.002729470482726315,-0.005164696430620785,-0.011849426152544806,-0.014228961579379695,-0.03307264227943896,-0.015910085615789216,-0.0077498113983951455,0.0158976
2019-12-11,-7.633635660232255e-05,0.0024353259552531425,0.00320438414969626,0.00927472725169931,0.0021113543947450797,0.00738347946469764,0.009714151091565704,0.007494494565603471,0.022364265060684785,0.010199996031129865,0.013685374619850643,0.0163314
2019-12-18,5.189690985219231e-05,0.0003971806767822167,0.0009366393187895117,0.015759335122213614,-0.0018728053062817551,0.010192395785616037,0.020602440560909097,0.013979850574245223,0.046491274488720924,0.02006921614735302,0.019364516568934897,0.017307799999999998
2019-12-25,5.044898608443606e-05,-0.0008450808386502211,0.00046856579930509845,0.010102972605401384,-0.0004690798217497072,-0.004307901598458175,0.006218279914041558,0.009465097619684393,-0.0007172518066675959,0.014176917508804676,0.014347826086956506,0.0170959
2020-01-01,5.006609600604045e-05,0.006550102740027908,0.00028147264034927844,0.0022957268457333146,0.000860383261634734,0.001252419446658326,0.004119901243543556,-0.007746947188817188,0.011683087372654777,0.0022026431718062955,-0.001285897985426665,0.0168592
2020-01-08,0.007471548344713235,0.001983026576439719,0.02406665622983839,0.006893072261187738,-0.0017974366989683688,0.002160564020923239,0.002639796056898902,0.007318798980014085,-0.0036123058913257733,0.017457593116822157,0.01690326840541445,0.016587400000000002
2020-01-15,3.1413580436116453e-05,-0.0010674753367713777,0.00032505376035851796,0.011140314474108903,0.00861191575980591,0.0030636559627823523,0.0126903171450925,-0.0009542591767923714,0.02441156198109362,0.014180808040976212,0.018829946107395745,0.0159553
2020-01-22,-0.00024129343230043363,0.00040873571794394157,0.000875457855962436,0.009868391050956271,0.006597842117519237,-0.0007918552036200177,0.005771673488185414,0.00022021990151133153,-0.0150328825843421,0.013508375905904701,0.010451851379772004,0.0157383
2020-01-29,-6.824699670166755e-05,-0.0034810073779835407,-0.0043772663498197195,-0.014555580642733434,0.007634176434299755,-0.006000226423638622,-0.017392909896602582,-0.00886786797142547,-0.041650200557213135,-0.011574239351561322,-0.009713024282560823,0.014001900000000001
2020-02-05,-3.171161172243577e-05,-0.001094288302564644,0.005752845896253689,0.01872365124946529,-0.0032142037192928186,0.002619589977221004,0.0093502198504265,0.011101713967604843,-0.013765880982878453,0.02517692417165862,0.026240366855614372,0.0145836
2020-02-12,0.0017648641387620235,0.004058010388758331,0.0012341586802859794,0.013422537027429682,0.0038387715930903177,0.003975917300920173,0.013753918787093422,0.02027348961311226,0.038710197657497725,0.022850700623009645,0.018153044125861273,0.014469399999999999
2020-02-19,-7.651894647670497e-05,0.0005314528973164007,0.0006088945138715829,0.0019825711284382486,0.002294455066921719,-0.0013577732518668117,-0.001513192689663212,0.002788998632742068,-0.006032635533930408,0.009379022739143705,0.01737222273018202,0.0140531
2020-02-26,-0.0008023326854250915,-0.002202640324172359,-0.011727700723806578,-0.07966569703055093,0.002747043113315417,-0.015862225243598482,-0.06726991834032225,-0.07438204689044237,-0.034687828705794566,-0.08519860082019481,-0.09292711422665578,0.0116092
2020-03-04,5.326244499112692e-05,-0.0022980339619764517,0.0017658084991010181,0.004405738691242167,0.015067346472871002,0.002993322588072722,-0.006680548325524782,-0.04391672815903036,-0.01777087549711598,0.0041555456826085635,0.000726576174906679,0.0078481
2020-03-11,-0.00016342262961759955,0.0028584434756632783,0.0009981573519126652,-0.12419332166178931,-0.07151960416822845,-0.07208448117539024,-0.11538125600489135,-0.1505601421989382,-0.037771998930671735,-0.1182112842076315,-0.14108445265832814,0.007082300000000001
2020-03-18,7.938927629012692e-05,-0.01970602594019973,0.017207751234879387,-0.12522160371783564,-0.10771094065401687,-0.0971053933696191,-0.15048290966537414,-0.1788777378543206,-0.1165121845177538,-0.12100150275715071,-0.18266349035579799,0.0080162
2020-03-25,8.391871967471823e-05,0.006889530608261188,0.020282782321406456,0.03230057128560104,0.10922088498778382,0.006576243321003039,0.061082171951438724,0.17365937078237237,0.055418086096155506,0.05643333752990065,0.12838473110191795,0.0053875
2020-04-01,6.903009808679802e-05,0.011990346293680877,0.006627533163826582,-0.0020439819677163795,-0.009544787077826689,0.015108207431604681,-0.004102604954990818,-0.04279786010699449,-0.018761271533064394,-0.003212220521918163,-0.034537349497979375,0.0035281
2020-04-08,7.229804600164109e-05,-0.0001833346601399762,0.01099372444389779,0.11312689738919257,0.03706449221645669,0.036470903727540804,0.08297004359476845,0.06378763571242008,0.03831707730166478,0.0992204418673528,0.10157935617502378,0.004753
2020-04-15,6.648310610388407e-05,0.008367160777273435,0.005964259961965146,0.012138270096509807,0.03867842109443265,0.044760672703751725,0.01125473178838532,-0.015105549456908784,0.007299428419336174,0.037360491416282615,0.026324036352240565,0.0034359
2020-04-22,6.687586081405159e-05,0.003137834166890867,0.004172105720205099,0.005730484019314641,-0.010246215017586824,-0.02055473006438846,0.004218060970154092,0.00950786980984275,-0.010435968182680333,0.012176552867923629,0.007633587786259444,0.0037463999999999996
2020-04-29,6.818713424267026e-05,0.0019302456686655196,0.006652282993379499,0.05008377064348002,0.004712608158220055,0.014791403286978477,0.04831304379449208,0.05685562100955943,0.03139910000100454,0.04935976966304034,0.06261363636363626,0.0036789
2020-05-06,6.609081428798998e-05,-0.0016892653542670152,0.005285900500626717,-0.03098815789026066,-0.023990772779700187,-0.0183131929737137,-0.028082043276527413,-0.05083976395823864,-0.02053718634338586,-0.006766344614687392,-0.011442626457063398,0.0037505
2020-05-13,-0.0026893670327838783,0.0022213490145383433,0.014906137111856843,-0.009977461189010106,0.0009454029780193718,0.0008883248730966464,-0.00171326081718981,-0.011678200692041507,0.0017740045771141855,0.0009915985177975095,0.0145680080773114,0.0032178000000000003
2020-05-20,0.004983267163464135,0.004070298413171779,0.005477711937721619,0.05376241134751769,0.029515938606847758,0.027640420945860278,0.04251173184357526,0.04690896799558786,0.009083840977986313,0.05783596613852615,0.06667614444128511,0.0034635
2020-05-27,-0.0003048059662431408,0.00500245960402247,0.003063271698965142,0.02171213584555165,0.0019877675840977993,0.011844540407156101,0.016950896416904504,0.03693935882055066,-0.0450242725907225,0.0039015420583674576,0.01949220311875255,0.0035785
2020-06-03,0.0020524145084219467,0.0015912734569172946,0.01324834912895767,0.02856926416194283,0.007019685640164752,0.02341177905133529,0.044415216511533906,0.07161726339525676,0.04395709091658162,0.02874411943444577,0.030721966205837115,0.0036735
2020-06-10,-0.0002117064654258723,0.0050194560908860845,-0.008859081770962951,0.021541082401765,0.009925746325200713,-0.0017872036220660803,0.020714262649746518,0.007377071742940222,0.029767381057502318,0.03484902782324739,0.022354694485842153,0.0032011
2020-06-17,0.00047525630862442004,0.00028095312085562034,0.014437282472940183,-0.02402715868269112,0.0022507314877335816,-0.007042253521126751,-0.021140127489283622,-0.008030458054898548,-0.022687669687457723,-0.01095969701657129,-0.014081012344147492,0.0035159
2020-06-24,5.506210504407918e-05,0.0008774853375116553,0.002744835990388328,-0.02028591708982519,-0.0026199565835766103,-0.013222743118163183,-0.012151669642640694,-0.02177359622435937,0.012261140187595387,-0.00013722777692015686,-0.019692965899081427,0.0032535999999999997
2020-07-01,-0.00012471492602854136,-0.00016841951439706406,-0.006902333780298586,0.02148292151996678,0.011107775442809942,-0.006821780972103841,0.01087801087801088,0.01011538991026617,-0.014300540966314612,0.02477099494710444,0.028849239458314635,0.0031268000000000003
2020-07-08,5.549735233073252e-05,0.0016103576448947832,0.003209901383560698,0.017356363893114457,0.004750593824228044,0.010548264442536537,0.02818884259071952,0.017853768836438633,0.06967604542315353,0.03327250722084418,0.03022363619350621,0.0030451000000000002
2020-07-15,5.538071763736691e-05,0.0006089856935545765,0.0031647015926672406,0.01786153681142233,0.008939125295508221,0.009952664158271451,0.01653302276536639,0.028033316190366087,-0.024784551218216544,0.005526804860614742,0.003027550711474314,0.002942
2020-07-22,5.554521517165771e-05,0.0033223493979815887,0.0029277975642922893,0.015329019141128608,0.012887164091674785,0.01646436726355005,0.012014243690973814,-0.002205309912646003,-0.016625342698529777,0.01475192147473714,0.021128886205855624,0.002821
2020-07-29,-0.00013660467000192595,0.0020447261277347284,-0.006477543291411592,-0.005366267605203867,-0.0001445817971518215,0.005556869236226003,-0.002134137013126036,-0.020944831432674005,-0.0069758328098797895,-0.01524266938660368,-0.00011823825007395428,0.0025212
2020-08-05,0.0010325691705490847,0.001042832771115526,0.012587457195722962,0.021277052822823217,0.0018075338008820552,0.0016460905349793276,0.015323526480801597,-0.009629836129157243,0.008817215190687344,0.043200473492213565,0.036717318039378055,0.0022567999999999998
2020-08-12,6.219101610481502e-05,0.0004094681805300412,0.004533556439220376,0.015800370818896736,-0.009454387990762148,-0.008569080878037427,0.011000211397336424,0.0290051952343362,0.0056360830417958585,0.0012583648530695157,0.0012547051442910462,0.0030929
2020-08-19,6.290973237270301e-05,0.005713679325295628,0.004420360024451453,-0.0016270504533554275,-0.011147540983606596,0.00011839924224488207,0.002016294647857908,-0.013546702822923473,-0.002579224703514016,0.012188255976985474,0.020306447938026828,0.0029135
2020-08-26,6.223828998675863e-05,0.001409943716904298,0.0033217054552840963,0.030780627287138707,-0.00036840554081940535,0.008760506688765268,0.020234164809694644,0.011797613952170716,0.012426272622603651,0.046525982240101404,0.048513607815771076,0.0029581
2020-09-02,6.209683966576859e-05,0.0026332001179727475,0.0038636702803169776,0.0293526660591652,0.007591951057713597,0.00046942847083686345,0.01799932794717063,-0.0056572409108783805,-0.014581165151603792,0.03355147766063782,0.03735058435162264,0.0025315
2020-09-09,0.00434249205894789,-0.0037001319671922804,0.006198503278421086,-0.050792551468370584,-0.011192392099487969,-0.006686217008797568,-0.0390361514947114,-0.003876839926058473,-0.02592188164930942,-0.07588309650278202,-0.06852127495765548,0.0028591
2020-09-16,5.744272860821998e-05,0.004136770697236973,0.003064566403462532,-0.003962976910584448,0.005770511208108342,-0.001062824752007585,0.007639002971967956,0.004213749274398992,0.010490855137515132,-0.008175695324532661,0.010662331937403513,0.0028854999999999996
2020-09-23,-0.00032952508555683896,-0.0001317041088234051,-0.007237760124929715,-0.043884341705336505,-0.009194556822361144,-0.01820546163849157,-0.03915044352717123,-0.04754046315486815,-0.03976117089837561,-0.03777938856899299,-0.022789848158547454,0.0027984
2020-09-30,5.792063525689942e-05,0.004064871460613185,0.0007765192880428984,0.03895060736749745,7.423904974035445e-05,0.010234798314268545,0.022844714556757184,0.004245136174534814,-0.011938923054049422,0.050269961694688,0.03534465924624075,0.0027760000000000003
2020-10-07,0.0004959148487566428,0.0016417808166078937,0.0010282557520806535,0.016785608088016657,-0.003117808625937357,0.007985697258641178,0.01824008445181735,0.012468648332138121,0.03341183892783395,0.017648517888052107,0.022417416608288,0.0034559
2020-10-14,-0.0001779085026911979,0.0022690861994642455,-5.344952379793266e-05,0.02024302153855162,0.010574130612852839,0.0026013952938395146,0.02055702426706363,0.01232437380738105,0.017499172952366138,0.03556042447600438,0.019132451378274462,0.0031025000000000002
2020-10-21,5.769846885746618e-05,0.00110520066765441,0.0006822100892436289,-0.015223566574081304,-0.008326578734065282,-0.0020049534143177228,-0.012110437905888394,-0.02828355655489312,0.0035403446454365106,-0.024135144573798506,-0.014739346297062639,0.0036546
2020-10-28,5.8388319379188e-05,-0.00917597307811182,0.0014189246524076715,-0.04789030027128027,0.0014861049190071363,-0.013708343181281113,-0.041036828110998624,-0.0682742792467067,-0.0018429032067808215,-0.04177909895695919,-0.04438087239514976,0.0034269
2020-11-04,5.820821768045789e-05,0.005916878213936962,0.0009141143817608111,0.05270816837509895,0.009867932927734246,0.02120776419841852,0.0425784511217151,0.06665339425146954,0.007177200025901609,0.053240974223230264,0.058251627255499594,0.0033078
2020-11-11,0.0004350276928955039,-0.004896273128526001,0.006726831911393116,0.03752642706131071,-0.0077143486885608015,0.005866478939340558,0.04409409482948612,0.09687542509340186,0.053878986455914823,0.016879795837726252,0.02250077857365307,0.0046064
2020-11-18,0.0011374281826884679,0.008224456230515586,0.0020289837027931412,-0.0013631299927784335,0.013845698208203805,0.0006998716901902569,0.008535040810582428,0.004288639575462216,0.012098609904762192,0.0012870733546967994,0.016244067108302174,0.0040431
2020-11-25,5.744749238748868e-05,-0.00011929594353075547,0.000670453155751094,0.01733846442755893,0.004235740889505513,0.005595057699032457,0.017204691173700493,0.008537779602948659,0.0047264402249975745,0.02481019522776573,0.03039536451959335,0.0038954
2020-12-02,5.748294941698776e-05,0.001097129588916869,0.0004930946476833231,0.010844020773352891,-0.0021089375318158465,0.001970557551872032,0.010267560134157305,0.002682308721774662,-0.005143280308214315,0.021081657626670358,0.009647081636610544,0.0041684
2020-12-09,-0.0002934010517786579,0.004139455231573377,-0.0009119151820351501,0.0010384272596695165,-0.005538551231598854,0.0019666820916242056,0.0068501520747337175,0.0021866799950018834,-0.0011208860955097544,-0.0008437677387591602,0.006602007010131139,0.0040952
2020-12-16,6.922591238584632e-05,-9.804257021062658e-05,0.001324844314578133,0.007718864523717395,0.0064487761981533165,0.0026555824962475327,0.009534405448231809,0.00396143971980889,-0.0016054883174784207,0.025872541828923845,0.026330224904004274,0.0037678
2020-12-23,0.03248810499837678,-0.005197314949165888,0.011689787212924019,-0.003015262741241198,-0.00029124799766999665,0.0003454629203132331,-0.0015028152739465783,-0.0010556025966694804,-0.00442890081703573,0.008920706672912893,0.008319196895405945,0.0038422
2020-12-30,0.03451945584112727,0.015461730454805494,0.01578737474354508,0.01139021303465304,0.0058266569555716075,0.004144123402785693,0.014622660441221624,0.009134677870515251,0.03052070561171627,0.0077432580253400385,0.0056002396810397315,0.0036904
2021-01-06,-0.0004856018551506585,-0.00019094846215188802,-0.01942158528996829,0.004313994490948714,-0.016075307748008694,-0.0027513470136422136,0.009038765822784844,0.011056700237149109,0.02008280071064661,-0.01003962703962702,-0.0003437686208002111,0.0043069
2021-01-13,9.655562257760752e-05,0.0034569652349177773,0.03483260843280522,0.016461498236458594,0.004710038269061023,0.0032187607771008153,0.018386028186683,0.0015037052626916125,0.01961917211643671,0.030465928721845392,0.021641945023957554,0.0047842
2021-01-20,6.259431473064379e-05,0.00571029099736032,0.0032587362339615566,0.01102670978308784,-0.0013184881336067988,0.002864672854359984,0.009540307317229546,0.0020821178428926945,0.06115931660740359,0.02500580777594541,0.010120503556762417,0.0045442
2021-01-27,0.0033054674553390354,0.010043137263407153,0.005014525694073457,-0.026241935693238294,-0.0022737274460906676,-0.006627056672760534,-0.023520514515226965,-0.024188474740896915,-0.022192429395840985,-0.013869847108435973,-0.05651575065535164,0.004112
2021-02-03,-0.0005468762537359569,-0.0010956769513333524,-0.005840713723204161,0.021168986634744424,-0.008159964713666201,0.0031055900621117516,0.01617952372584619,0.020747204768718275,0.00033893642228544074,0.025616023390050202,0.06705910054155884,0.0046574
2021-02-10,-0.0003181401192383008,-0.003123097938759746,-0.0019376662632771824,0.02081108671416665,0.004150607767565928,0.004471964224286307,0.024081415679819695,0.010698801856084295,0.024951326385841854,0.02659629963249066,0.03380555187784107,0.0045792
2021-02-17,-0.0003665449441033499,0.003752062032274167,-0.011146228522802115,0.005486101875249227,-0.00797165633303798,0.00011415525114166769,0.0068356504499771376,0.014110410950643804,0.034829047309605565,-0.0005031300702164065,0.009775880469583775,0.005602
2021-02-24,-0.00039020306153016355,-0.01077824208175486,-0.0011948197337443567,-0.001500764372362573,-0.01309523809523827,-0.0009131377696609544,-0.012236784893471686,0.0016595267375703049,-0.0439666282128901,-0.02631699545308086,-0.003424367971590403,0.0062065
2021-03-03,0.011097459515591095,0.0027263869340761063,0.00400763406782545,-0.02692953383450991,-0.012364294330518555,-0.009596709699531636,-0.018224122751855143,0.001832169002075057,0.005457254534588785,-0.0441404121350466,-0.03923980825520723,0.007366
2021-03-10,0.0013580106893207949,-0.005513439891642519,0.0027112601732965924,0.020705706177416294,-0.00664122137404588,-0.003575960318375815,0.002530072635503089,0.028857082832809855,-0.03255978329621867,0.005468638802869741,0.001258389261745041,0.008005400000000001
2021-03-17,0.00014774914473815592,-0.00854670783021151,0.0005463093836077793,0.0193161503125312,-0.007300391915776472,0.00011576753878217438,0.01774248164736103,0.007806446208297402,0.004379483262486605,0.03492049403045261,0.029082971358013854,0.0081698
2021-03-24,0.012180394730705637,0.02737174595818934,0.005187500864753503,-0.02138335027628757,0.00526397275119983,0.0013890496585253764,-0.022850829284216667,-0.004465236613381607,-0.03843684602805253,-0.041648922012243905,-0.050844189235515924,0.008315900000000001
2021-03-31,8.980372090610615e-05,-0.011738075112208613,0.0013076379191019338,0.021534323783664266,0.0014631141229015654,0.007744769390821915,0.01602271705192293,0.022611577148373696,0.01648426435285444,0.021985991240475178,0.01889433170048993,0.0094449
2021-04-07,-0.00014081022788049613,0.0005694195072911485,0.0006362381042503973,0.026947637613928377,0.004075355632449096,0.0005735260380821394,0.022852012039355385,0.009583564034588488,0.010446343779677125,0.03336410789869593,0.033964019851116634,0.0088026
2021-04-14,-5.654827813572553e-05,-0.0028741925347592367,0.0009235244554839372,0.010958467628279678,0.004441721550007438,-0.001146394589017663,0.008636144459143624,0.004930789507603395,0.007882531002831872,0.012345823313005377,0.01315648503289113,0.0087188
2021-04-21,0.00034177243633393096,0.0037111408803397533,0.0016017142973892007,0.011821580445418478,0.002058554437328608,0.001951107540456798,0.006257699544615969,3.269387467663698e-05,-0.009650587889690532,0.006666262563285397,-0.00645052132901891,0.0081943
2021-04-28,-2.132228886240893e-05,-0.0033744211544136592,0.0020283422304845367,0.0023386095815902674,-0.0029673590504452063,0.0009163802978235935,0.009355585333171046,0.009712278160451282,0.01570195151128928,0.007226409332612871,0.0206692494359062,0.0085425
2021-05-05,0.004627976785203358,0.018416982101678386,-0.007909054377386093,-0.003726829828025635,0.0031288156288156177,-0.000915541313801782,-0.009262835212049625,-0.0030485450918175117,-0.022474368226576447,-0.03335057999306812,-0.038686938205176324,0.0080231
2021-05-12,0.002199332298037966,0.0030913553268709475,0.002615511884512367,-0.0250864408447089,-0.012171928489920103,-0.007789232531500434,-0.019015598638088438,-0.013830353328553313,-0.00657822969824029,-0.04054800249145585,-0.03555777324597553,0.0087968
2021-05-19,0.002205746521022485,0.0019822383653899803,0.002961174099658903,0.012955816334567327,0.0030034655371584673,-0.0001154467790349667,0.01261028567171052,-0.002708091087112341,0.012850040239396066,0.020569872802278732,0.020425149027106126,0.0087966
2021-05-26,0.0022472134930243185,-0.002050655303185543,0.006557432153390552,0.01951317886716164,0.013513513513513375,0.007389446946080236,0.020859648047090618,0.024113860707082546,0.020011324129243224,0.032952523883925666,0.03306659612459484,0.0081002
2021-06-02,-0.0002697568401673518,-0.003986560684194981,-0.0002770866877600531,0.0028908553166238082,-0.002424242424242329,0.00011461318051586566,0.008342743194868163,0.014095895745435572,0.004512444451606479,0.0013342553501236587,0.01045601007191177,0.007996999999999999
2021-06-09,0.0001303096169400812,-0.007148714915434836,0.0014051129565806342,0.0027161772953243624,0.009720534629404698,0.0019482007792803735,0.0013938444493422075,0.002042313807019802,-0.018943176954305474,0.01129807150599027,-0.004688192933921753,0.0076181
2021-06-16,-0.00027174625795736024,0.002179445180706728,-0.0057265451983555815,0.0009835171997012448,-0.0004512635379061436,-0.00022875443211722857,0.0019510454153406354,0.013402980338552695,-0.010638901172230986,0.009195823674232217,0.004476883579809465,0.0091246
2021-06-23,0.004614810272944523,0.002108599155740478,0.004184556495403058,0.004294812605061926,0.005041384499623769,0.0018304541814437858,-0.003193958787245599,-0.018262134612790804,0.01337103560029873,0.0165281544878515,0.014088969625279724,0.0090209
2021-06-30,3.286059806390961e-05,-0.0011015790900838062,0.0006597021756342691,0.013121664183467496,0.005914501759377355,0.0053671348635377925,0.0068252881093475715,-0.0028557829604949347,0.0003775539983768006,0.016271328002982255,0.011956091566164728,0.0089511
2021-07-07,0.0026042046703249207,0.005785654256988932,0.0017427470433810655,0.014108202443281037,0.007144983626079071,0.0,0.005400737055681448,0.0035012179219053863,-0.030086426540909095,0.011108008508027067,0.0001234999897083977,0.0078767
2021-07-14,-0.0004392221896613104,0.004418817205589305,-0.00042484584643776024,0.0037103069435744374,-0.003325450783328354,-0.0021581099500228573,0.0017886140594478572,0.005141558355584053,-0.006192995720409655,-0.0013712865818481523,-0.0033135071724053056,0.0080748
2021-07-21,0.00012981252563470914,-0.0005640403578514051,0.0004930988512426016,-0.0035685709713555447,0.00296581893675385,-0.001365964712578105,-0.007770103601381417,-0.017763141846566688,-0.020256619352758354,-0.0008876780050460775,0.004356983563228001,0.0075329
2021-07-28,-1.0787637121319858e-05,-0.0029437766128542374,-0.00509947959152246,0.00962445138332857,0.007540474606342773,0.0004559443747862435,0.0032554973512088914,0.018961029930364415,-0.06430585889662943,0.008927723235795604,0.0026110734184503492,0.0071238000000000004
2021-08-04,0.0007375459911957441,0.0027514225028892605,0.0037481578763445267,0.00045902414194287644,0.0002934918189156921,-0.005582773157115084,0.008885217853034089,0.010204653634021676,0.03739791504081813,0.0012159121237615977,-0.010088996431940278,0.0068192
2021-08-11,-0.00018157252279298497,-0.004577658767375556,0.0067091290328955555,0.010230179028132946,-0.017164233844348287,-0.0018331805682859637,0.006374231729639135,0.014820622934208272,0.008839973435806003,-0.0010419112169862688,0.012491196088991963,0.0081762
2021-08-18,0.0034546211626156785,0.008632293512668627,-0.003562750195675868,-0.010663938664927763,0.0062691245615345,-0.0003443526170798794,-0.012993125729991784,-0.004020131563619578,-0.029750384093718885,-0.016201685999378213,-0.02029584467131773,0.007815800000000001
2021-08-25,0.00012177185158332217,-0.004153535781712874,0.002466771851271865,0.021798662354809872,-0.0011866795223616222,0.007808014697439303,0.015489682376144343,-0.001981181165889301,-0.006690375114866254,0.03551928932507509,0.03320455257387489,0.008350999999999999
2021-09-01,0.0003624233316078854,0.0031952817159377933,-0.0007612187678875948,0.006205253781535136,0.004232568500779799,0.0013672097527630545,0.010522593137993752,0.011037712383284992,0.01301240175216356,0.017785034563544633,0.0022435573521981667,0.0077743
2021-09-08,0.004885526628178954,0.008278193884774694,0.004606666010424698,-0.0022148100501980794,-0.003401360544217691,-0.00011377858687000586,-0.0009236894796931239,-0.011856351735280879,0.01124315120201902,-0.0014853638749576792,-0.005445085306336472,0.0081788
2021-09-15,-0.0003136919943408589,-8.788783211310687e-05,-0.0016037110346281969,-0.007392441854025322,0.007938863332838553,0.002958579881656931,-0.0070345698862983586,-0.007471601450749876,-0.04892380322427825,-0.008184270709586827,-0.003751318030659423,0.0080897
2021-09-22,-0.0003090110452995378,0.004698619064407909,0.0007934991352198661,-0.01898364094895877,0.0022083179977918643,-0.0015883821193555248,-0.016938958447792363,0.0010250992537277348,-0.032423728319300626,-0.017457341046714925,-0.008874234190226149,0.0086628
2021-09-29,0.00014456281188567288,0.005494602159952095,0.0021879527357759887,-0.008230883329845118,-0.020345207491737183,-0.0046590909090908905,-0.013842316426058598,-0.01685946908454794,0.018246568962997367,-0.02580478423290833,-0.026778930074956242,0.0099522
2021-10-06,0.005967097600926758,0.005761330615238672,0.004215819758553341,0.0009381895922890848,-0.002774029089818608,-0.006621760474940008,-0.005285355508760192,-0.016560381548053726,-0.028260790236584343,-0.0007255843951810004,0.0011394568588971588,0.009908
2021-10-13,0.00014088846543542708,-0.0016668228063704976,0.0014963434039474421,5.72928005866391e-05,0.00045109390271402816,-0.0014940811400989684,0.009499421278943432,0.01760183419934469,0.041562197885464114,0.004807642579494731,0.008241121298345533,0.0108216
2021-10-20,0.005058580913725972,-0.004674382078496983,0.010808890295679774,0.039504560245657405,-0.007589990230705612,0.0044889502762430755,0.034503448562653416,0.021769263925079718,0.04700754208597746,0.03774800760107144,0.04022075424366589,0.011818500000000001
2021-10-27,0.00013813587972140857,-0.0034103809485536716,0.001602158035938217,0.003414759963758174,0.012797213387854,-0.003781368167755206,-0.0006948472197497724,0.011674979686829623,-0.0194092291022121,0.0075494257251840224,-0.01925241157556279,0.011667400000000001
2021-11-03,0.00013929653399018233,-0.0010563440825302427,0.0028133220080897026,0.023923035011248484,-0.004485981308411158,0.0,0.014751347561746453,0.021021682682284215,-0.023566901845350263,0.03778853020246986,0.01833941231916736,0.0119647
2021-11-10,0.001686928888319394,0.01509325991166271,0.0011200278196221714,-0.002973885168552237,0.002628614344724056,0.0003450655624568366,-0.0017158875329161827,0.009098271073252562,-0.0011432681645171527,-0.01194504281039599,-0.0003219510232006506,0.012317100000000001
2021-11-17,0.0027322719530265224,-0.0004379527940037903,0.0020767616992629634,0.009030044913497903,-0.009138576779026186,-0.0031045187995860646,0.006393165496193509,0.011954967094522262,0.026161639357116906,0.019129843669888347,0.009862925464463324,0.0124451
2021-11-24,-8.068395350615782e-05,-0.007623125430339271,-0.00012968167431359756,0.0027278524613589816,-0.005065013607499114,-0.007035755478662087,-0.009531647210682559,-0.02830388042201326,-0.03760534080205602,-0.00479475328124046,-0.005939686272946498,0.0133925
2021-12-01,0.0012128125657918497,0.016930019692569416,-0.007472011892677877,-0.04007691227831356,0.009345794392523255,-0.008363340689975574,-0.03296190487030359,-0.022706810874013494,-0.041586356363047194,-0.03730965091702676,-0.05931064904858352,0.011417900000000002
2021-12-08,-2.2850313734970405e-06,-0.0063589665347049806,-0.002969106952769196,0.04169473348341701,-0.0006775067750677266,0.01698488930537656,0.032602426938785234,0.012906930835217878,0.0142842530428271,0.0349376067339493,0.04427155493978474,0.0128129
2021-12-15,0.0029937750917488452,0.004800701936334869,0.002066859592728232,0.0018378247302290873,0.0015819209039549254,-0.00011518083390915645,-0.009015991702096215,-0.017341941702160746,-0.024007714339411845,-0.014024839440577308,-0.026739059438275703,0.0125372
2021-12-22,0.00014383838020741246,0.0031456341468226114,0.0005067295001328631,-0.0028217459154750157,-0.0004512635379061436,0.0011519410206197733,0.0018403073313244533,0.013794330333102511,-0.013596057514785875,-0.0028068340530837954,0.013380311228555763,0.0122753
2021-12-29,0.00014147496611777833,0.00022791930118794404,0.00037772662904922427,0.02054695351491298,-0.005342362678705803,0.0018409849269358514,0.016693072489724736,0.01607043769830163,-0.0006834808437071738,0.01574099545867158,0.010244205298013176,0.0129961
2022-01-05,0.0007011262272439601,-0.002174148877432064,-0.004552422297787073,-0.019294563389567476,-0.013162871624177397,-0.01137016193867002,-0.010682505984913382,0.025046501261426934,-0.00776599698352376,-0.042245382850169544,-0.03523507118713509,0.014357
2022-01-12,0.0026930974706856244,0.0007526268060735692,0.006470470167535991,0.005482302183985821,-0.004216174779608894,0.004646840148698983,0.006614541718981792,-0.017248955522921383,0.06525968852655817,0.005842318331515495,0.010149697420108295,0.015253699999999999
2022-01-19,0.00019486126523223833,0.012403398145754125,0.0006417725792438045,-0.04095972579263074,-0.0136258660508084,-0.010291396854764101,-0.033949619852703505,-0.011145888114836855,-0.011241623183511962,-0.05584133670520708,-0.053433670359237406,0.0165631
2022-01-26,4.822794788489252e-06,0.011229036456752519,-0.0008984466824381032,-0.04033524828140023,-0.006711933192851016,-0.00911321416053279,-0.03615214418601931,-0.024290815035564517,0.006716305016816859,-0.05565663081187566,-0.06517732228908979,0.0168558
2022-02-02,-0.0006013125240324125,-0.011956102065856036,-0.00651280759856343,0.0550468628230798,0.003692936277206016,0.0005895531187358749,0.03783086019082882,0.013794842241751759,-0.02007583398861268,0.0646449743467048,0.07577917141771207,0.0160982
2022-02-09,0.0002030921175881468,-0.004004261759692469,0.01050195358749817,-0.00047936758342082,-0.016517927039298552,-0.009427292010369959,0.006336392011452308,-0.004253857723144017,0.04317783269319819,0.0050507887955999475,0.016738064744070913,0.0181851
2022-02-16,0.0019155935035145067,0.0015946185204425976,0.01982899224068202,-0.024452931866636995,-0.01862612433335975,-0.011182488698548654,-0.017426132786082515,-0.01590593921633454,-0.0044740251607028325,-0.025277477386705827,-0.02284771088524018,0.0191869
2022-02-23,0.0004506626413642977,0.012378312305238092,0.007603911995972545,-0.05575629998592191,-0.0072187525346743,-0.006857555341674759,-0.045954846174385056,-0.03959422027351711,-0.04282633935976121,-0.07693238998052265,-0.0788362375533429,0.019025300000000002
2022-03-02,-0.0001667757545974705,-0.019760366729386403,-0.0012182561762332789,0.03811146609868654,0.005473856209150307,0.009448818897637823,0.012314198644194363,-0.038460667285782124,-0.055635858916293524,0.054805794673667974,0.04618168657256594,0.0175371
2022-03-09,0.00016829371417621062,-0.004952372362355243,0.0034655326835182354,-0.024771231996060683,-0.011781912732591104,-0.013440537621504878,-0.03379001044418506,-0.014283134280307586,-0.07680881420986108,-0.03610160543687413,-0.04536543739477372,0.0187538
2022-03-16,0.0001700842043292966,-0.008802706252286869,0.003956325560993346,0.01869617661084444,-0.010113468179575813,-0.006203624863155177,0.01597253131557186,0.03283838110259629,-0.02618855898206829,0.013654657860292518,0.031020487050637646,0.0217522
2022-03-23,0.0001667394180035043,-0.00850108327158964,0.002340998213477219,0.022575300720996117,-0.0018273943018523031,0.0004895960832311808,0.02793180708715637,-0.0052626301838964995,0.10287890479153705,0.03617372018859011,0.02542412597244348,0.0231052
2022-03-30,-0.00021773484823843305,-0.00960729207925741,-0.005699560651038049,0.03281017180403212,0.008737621702588072,0.010398825544409185,0.02510274285366365,0.023239826114824114,0.0035185392487522282,0.03732564319882781,0.02303420854185223,0.024277000000000003
2022-04-06,-0.0002170593967102522,0.0034137984226585987,0.017078133579193633,-0.02635552803398189,-0.020953638013529008,-0.02094684586511686,-0.024553359308182143,-0.03395939522219471,-0.00681494222524881,-0.038321538096158014,-0.03757064039849001,0.0267026
2022-04-13,0.00012584697041607415,-0.0036492326089561894,0.0004423112382847538,-0.0077123059928811966,-0.016346477923828928,-0.0009893643334157876,-0.010046640768659354,0.0008549712525720565,-0.03198067799127924,-0.01765664757697194,-0.005570125559913652,0.0264544
2022-04-20,5.714168900884657e-05,0.008887424740505733,0.03205582243194938,0.0028921038368727725,-0.01687510707555251,-0.0060658578856152,8.610933425190481e-05,0.01798608135926183,-0.020103516501305152,-0.013964066642284112,-0.014516768968655946,0.0284986
2022-04-27,-0.00036222267467210246,0.010072167023581963,-0.014103390596657994,-0.0617766764959804,-0.010891347913217775,-0.015194918420725068,-0.06039434679393352,-0.04161609111042108,-0.047664155128727126,-0.07166691320271135,-0.06491415038484316,0.028190800000000002
2022-05-04,2.5415885078376586e-05,-0.007736271569701944,0.00309310451607292,0.02777512213309885,-0.00017618040873845775,0.0046793980017707515,0.020068334446059044,-0.0025839170576013037,0.04628212866909043,0.03810814857637923,0.016057137068179683,0.029015399999999997
2022-05-11,0.00023314621691012806,0.01915640665136353,0.016274802229665708,-0.08487803970540708,-0.011541850220264327,-0.03386203423967771,-0.07164857164857175,-0.020703411284325512,-0.05007062931969686,-0.12345833275484663,-0.12014557056682784,0.028849200000000002
2022-05-18,-0.006051637147947903,-0.002475687854029033,0.00560017069059171,-0.002922356791811298,-0.005526339245922163,-0.009771986970684043,0.006600865369994047,0.011752063532965762,0.0413481856100788,0.004743828007856221,-0.0002549719530852146,0.028793899999999997
2022-05-25,9.606112536580324e-05,-0.004210802494738321,0.0053690615623442906,0.014030196142396978,0.02769561710137136,0.03144736842105256,0.010759923918342684,-0.0036957358144978913,-0.022912399948072704,0.0014529499086979314,0.014848819745529873,0.0271141
2022-06-01,5.003556425042126e-05,-0.00030238288144450963,0.0015309107483350015,0.03078871901335334,-0.010116867259724382,0.00650593187906634,0.027819293478260843,0.022419841723096967,0.055706457749065796,0.04894907973421336,0.038058805461703926,0.029029
2022-06-08,2.944375366305553e-06,-0.0023253811045490813,-0.0031421313514065075,0.003545277880050879,-0.010220264317180594,-0.016983523447401838,0.005565286361082444,0.0078174457513418,0.033794413132885115,0.007654367099477755,0.013234344738541015,0.030163199999999998
2022-06-15,7.738973954411861e-05,-0.0025733366796792724,0.012744864605001238,-0.07915408295410109,-0.02893003382588566,-0.03287777204744713,-0.07647054957045285,-0.06772624461259502,-0.03208690236792966,-0.08167284033866529,-0.10215567590527774,0.03342
2022-06-22,7.635320969617135e-05,-0.0034004809381106608,0.006254598246121734,-0.007941973461671359,0.0002750022916857553,-0.013731502466337808,-0.009658156765335879,-0.019160211985324138,-0.014072979382125483,-0.004150768302077168,-0.018036664695446403,0.0320904
2022-06-29,7.482113831555071e-05,0.010476168128933682,0.004349971852838808,0.015675990520999328,0.005315249266862221,-0.0044606650446066265,0.015501703246949106,0.014339152119700938,0.04705512191824757,0.011291875205824864,0.026076482987051897,0.031210300000000003
2022-07-06,7.305529837847133e-05,-0.0038565560665197677,0.0024654485630350997,0.006873833085002445,0.007657247037374582,-0.00027155465037354,-0.007798843619739149,-0.026315190420906465,-0.018649454536527665,0.01645748884628495,0.005223617795516056,0.0295729
2022-07-13,7.154581310414152e-05,0.006369783969262268,0.003837468280266876,-0.011261144111435861,0.010041613895422463,0.014396305853592306,-0.007096953659389005,0.009389685081710342,-0.0365369167810119,-0.01005734101400746,-0.010655689846441385,0.0299835
2022-07-20,7.27489470112124e-05,0.0029028496681827807,0.006950146029330639,0.04159104419508752,-0.0036721898790865737,0.018744142455482837,0.03578150367081867,0.03800554144940449,0.004436494943011127,0.057796432654846575,0.0614358641447077,0.0313514
2022-07-27,6.440881231400299e-05,8.301398614386287e-05,0.0027217535779486823,0.01608879012096276,0.01941747572815533,0.01419371796556712,0.010319931755290002,0.006286887349243209,-0.010539860279116242,0.011327447016847847,0.0003058018959718467,0.0281531
2022-08-03,0.000459915474265602,0.011559271511935741,0.014527160271907702,0.03269700592254221,0.0087301587301587,0.013735907736166952,0.025996224472284224,0.03458082255569894,-0.04368399867634509,0.052835589183223286,0.04202101050525253,0.027964000000000003
2022-08-10,0.00333693611833558,0.002791734125021488,-5.276438129397931e-05,0.013253368694903012,-0.0031471282454760274,0.005880097149431052,0.017268603390828474,0.00450363559399225,-0.007904552465739734,0.014732999898959154,0.018536299141195922,0.0288956
2022-08-17,0.00014930021808827525,0.00914140452982827,0.009535740055058861,0.015153530440070062,-0.01210207840042088,-0.013597661710509468,0.008122702130318293,0.0017896435382132037,0.015889681421091595,0.0064816255406541234,0.0024352562256146904,0.0301564
2022-08-24,-0.0003752780565696287,-0.008147856405932925,-0.00813073803262454,-0.031181271115852782,-0.017842876165113264,-0.01623292965730483,-0.030402275603804818,-0.023588547573787366,-0.03281273136587115,-0.03915483857005497,-0.021237134945927605,0.0319823
2022-08-31,-4.585480493016043e-05,-0.0035464373547486275,0.006167683338532237,-0.04486363647340963,-0.012382501807664537,-0.023965426925091626,-0.034013376576188636,-0.0409575019223114,0.03558354100994654,-0.04949752765749671,-0.04043342496463742,0.033154499999999996
2022-09-07,3.7212557134109763e-05,-0.0032091589834947767,0.001230724526075866,0.0062882427307204836,-0.008144962020682711,0.008721320273715305,-0.008365665248009746,-0.004310185514251108,-0.04560851020752832,-0.002056498705167553,-0.0007787728764533375,0.0332322
2022-09-14,0.0010344346208360428,0.006177825302506075,-0.008740319995633516,-0.008507815581915934,-0.004705665251891422,-0.01010907156158558,0.0020651578370634027,0.018694550968136214,-0.010354804324653633,-0.006124543118581349,0.008990703111952492,0.0355807
2022-09-21,5.1529984709266934e-05,0.0018560352308743804,0.004519181539911932,-0.03955387847471248,-0.011680726800778807,-0.012362268207471105,-0.0379584454912516,-0.02121618136765746,-0.021355009524011592,-0.042619764362166856,-0.04717371513696933,0.0371371
2022-09-28,0.0016757725127045234,-0.009539644742694668,-0.01586503997397637,-0.01870483095993858,-0.02935934715317512,-0.014965986394557707,-0.034100596760443413,-0.04483843900259743,-0.06472022736169125,-0.015022027256223036,-0.02492834187440285,0.0389657
2022-10-05,-0.0002915006530264378,0.0058804992861939695,-0.011401348378149101,0.017273274823610407,0.0020293776575182054,0.011464088397790118,0.02644820120548297,0.033706113393098036,0.04852448106995122,0.008776977896493232,0.032009026664291396,0.0391317
2022-10-12,-0.0006550843651404965,-0.0015769302130954237,0.02010630854601847,-0.054516187012327966,-0.024303211495804722,-0.02253174928308077,-0.051364401361094214,-0.03370053252584304,-0.0766774823266515,-0.0656169721149843,-0.07403038324318112,0.0406172
2022-10-19,-0.00045904480362596116,0.003479572137343473,-0.004650352869087326,0.033024604210755815,-0.01087278837600092,0.008661637328862826,0.025922310540913207,0.04193568720677865,-0.011361574705272659,0.025286308089583542,0.023242084330236557,0.0429225
2022-10-26,0.0033497509718446433,0.006443361317885587,0.018128459572651634,0.036653351952283586,0.011491955631058426,0.01717451523545699,0.032343079804264985,0.038623085698482384,-0.07229057953108409,0.027197203129813108,0.03182411709331645,0.0412156
2022-11-02,0.01715893451242743,0.021166110473968047,0.024666856119731184,-0.018511460345637776,0.0005927682276229973,-0.007080610021786393,-0.010123841500435216,0.004632056605395896,0.03326223896976499,-0.04066998511529041,-0.022690485299744045,0.0424457
2022-11-09,-0.0006374991161238648,-0.00972910250349959,-0.016171832953919663,-0.00295769066066609,-0.003653238546603488,-0.013302249040043845,0.006805938384457866,0.029271040113086455,0.03357201571727608,-0.016307198236546028,-0.025084317032040393,0.0417596
2022-11-16,0.0006882968016218503,0.003104765668363982,0.01056593246856119,0.056080051859775715,0.05430581706471127,0.033912439193884536,0.057367663897125665,0.04150985909448157,0.11602272088184007,0.08021601113475385,0.06322779922779942,0.0378632
2022-11-23,0.002262550494698607,0.0016318539211338794,0.007730172924919287,0.017295688834214618,0.011937212143998455,0.010350853609355948,0.010294321810356832,0.01639546922565782,-0.04013205174272361,0.009090047444217708,0.009470687351112561,0.0382119
2022-11-30,-0.00030720529364950793,-0.004457364549059431,-0.008867989656760833,0.013123066303144082,0.0009288500835966662,0.006652474720596047,0.012285029166637873,0.004632022785092227,0.06125494398763731,0.016187400977553112,0.023339472775411485,0.036752
2022-12-07,-4.7781587619213205e-05,0.0004909855057301127,0.0032300405795777642,-0.03582991635029453,0.02106533036377134,-0.008987575997885133,-0.022446056838004158,-0.011052482899170601,0.01170012953541999,-0.04442361353331015,-0.04249275851401879,0.0355965
2022-12-14,-5.2187843139690884e-05,0.0017753971577998493,0.0014707314820383566,0.015607841542278456,-0.0023629919112969633,0.009335822886102907,0.018323334999722274,0.013864163839934829,0.04563583387988834,0.019376651108038878,0.012129934210526327,0.0355169
2022-12-21,2.594268532085669e-05,-0.004065671788881398,0.005136398569406619,-0.029254227446111947,-0.021408399380522858,-0.013477801268499068,-0.02820752336990251,-0.02593792607276002,-0.026073718641112742,-0.04131452373087541,-0.027277211920722078,0.03712
2022-12-28,-4.6566425317059574e-05,0.001760126154805502,0.0014911369537515817,-0.024551108177514713,-0.019270154533606476,-0.02718992767211359,-0.016319829364466854,-0.016355254832586485,0.03853868037821573,-0.04632205255771349,-0.028728259896781072,0.0390796
2023-01-04,-0.0003933723004483233,0.0004898660473412535,-0.001816245291472951,0.0184366756360983,0.014997626957759858,0.027399146358254356,0.01825962910128376,0.04335988573889016,0.044937134747581764,0.02403437090300975,0.02976227040973023,0.0377971
2023-01-11,-0.0009994613587537675,0.00037084109122004086,-0.02051352622962166,0.03027275063133117,0.024876087159824145,0.021307960332350495,0.03083496777808903,0.031653485053988906,0.030920819444517855,0.04521664136092607,0.037193903421123276,0.0359702
2023-01-18,0.004879029464946541,0.009430446525821569,0.02099013794043847,-0.010265492076047766,0.01615110867779901,0.003411625770896265,0.00598659980157934,0.018191308759537117,0.011287060815775352,0.0023180355791934115,0.003393339851613275,0.0337852
2023-01-25,-0.00030062556349507786,-0.005280031428729666,-0.004454755554026968,0.02223545761365875,-0.00448994252873558,-0.0035307963907413864,0.014982133569300782,-0.006283628070545388,0.016913460651351686,0.03252255861772513,0.03456379685887878,0.0348432
2023-02-01,0.008958137604122843,2.1937914909054126e-05,-0.022606031096681134,0.0256435155444672,0.007126104997293936,0.0073490813648293685,0.01730988080739504,0.005624248151567812,0.001248829080978675,0.04445717275857919,0.029198293534267616,0.0346079
2023-02-08,0.0024219190967166475,0.006050473668255293,0.015265445575945558,-0.00032773274487107873,-0.019793999104343984,-0.011855132881709363,-0.005213853017754455,0.00904004372590772,-0.035730951813549905,0.007972025131343763,0.003256890611541774,0.0372615
2023-02-15,0.000203894290641987,-0.002910938635318549,-0.011696180184870952,0.007222197937764019,-0.017909356725146153,-0.012920237310481086,0.0030118699240455626,0.0168418801895871,-0.02214624272676713,0.013439379640855176,0.006921900571459139,0.0396786
2023-02-22,-7.74177472781213e-05,0.0049636734446612575,0.010682983639248356,-0.03774471983797867,-0.015444733903982266,-0.01308935488179519,-0.029195596729673534,-0.00868216184895465,-0.018658794349652008,-0.04668537329161215,-0.038128480456156244,0.040820600000000005
2023-03-01,-4.534102558270517e-05,-0.0069504179842181215,0.0005431104502719997,-0.009937234562333308,-0.008788508788508675,-0.00027067262146429627,-0.007577497129735988,-0.006394241647183052,0.009590263143463673,-0.01108796592008221,-0.0014127423822714036,0.0417936
2023-03-08,-4.619729533932283e-05,-0.006085984539858973,0.0008600277434007708,0.010279926810565554,0.004957574601963888,-0.0004061188574523422,0.004913302664888208,0.01724485560101985,-0.02756876794096519,0.017269681918681723,0.012677189381120169,0.0426341
2023-03-15,-0.0006993626378098884,-0.005692869305416794,-0.018521461332663636,-0.025070077479765973,0.020870885115264137,-0.006906825568797514,-0.03184803954764004,-0.059119262204292866,-0.025503646904806443,-0.01226243953006223,-0.049060428422725066,0.0349826
2023-03-22,-0.004110180253150682,0.005958453905415915,0.014564472822216956,0.01157266446210481,0.011244308149800153,0.00968225828446756,0.017206767995411543,0.03984713451567812,0.002638707422311537,0.02063223442262374,0.013970905948437418,0.0345629
2023-03-29,-3.616291913751082e-05,-0.00706201827715382,0.000576001881461341,0.02307358196785847,-0.003124425657048291,0.0035116153430576613,0.019549327153829843,0.008477727196892104,0.030675147245504908,0.02196065796283797,0.02403409090909081,0.0362672
2023-04-05,-5.2878959752115046e-05,0.005393803635282207,0.006246098862416671,0.015534496413683874,0.01797566371681425,0.0028263795423957294,0.015397585485937837,0.01585575961827046,0.0040703432974782405,0.005921396852654359,0.005520723519946813,0.0332032
2023-04-12,-0.0007152086714203766,0.0020089814301056494,-0.01860244381592624,0.00038382741945719445,-0.007878293941863679,0.005368406925244873,0.004343985174656062,0.008298513851794587,0.0017396159429117208,-0.005628139363133444,0.002069250931162836,0.034069600000000005
2023-04-19,-0.0004081408906921484,-0.0021352605876580667,-0.010116078665294737,0.015290998179352311,-0.00949251551661201,-0.0010679482045120592,0.011368521298617207,0.01373779138584652,0.0028508320589111236,0.019103320049558503,0.014647577092510966,0.0363809
2023-04-26,-0.0002369767795204686,0.0016901809382943165,0.0014852631272872507,-0.023716337868153414,0.008846295613711863,-0.0005345449685953962,-0.019663105031191508,-0.010437980958537096,-0.0299733500394741,-0.024913569949733594,-0.026701400195376035,0.034418000000000004
2023-05-03,-8.367568628879844e-06,-0.0013711732186828696,0.0009468932920708717,0.008570040853157934,-0.0019181585677749968,-0.0028078620136382515,0.005803133692193763,-0.008632130477883693,-0.0029411958231071456,0.014423397318283904,0.007778521244563352,0.0324708
2023-05-10,-7.437919443996326e-06,-0.0014798465340373056,0.0015834968547694395,0.011462445761779794,-0.006406149903907754,0.003083936712255264,0.009218179044890418,-0.0007934703423059242,0.0032001364525189313,0.023376489460164462,0.018895067363819962,0.0333213
2023-05-17,-1.0468108438350991e-05,-0.0033658784799361547,0.0010137581642317706,0.005106775843234379,-0.012710693561757358,-0.009758053736131589,-0.0008871132022157946,0.0038242205277283503,-0.01020281142787749,0.015774667572425516,0.02215585120825403,0.03526
2023-05-24,0.0030013191489475077,0.0054511377005420185,0.009104927767448867,-0.01046703712876662,-0.007649967347700293,-0.006209503239740788,-0.010931046276078105,-0.013760544777862815,-0.02273144392009019,-0.0013127401390496951,-0.0015937948254793888,0.037545999999999996
2023-05-31,0.001548210679763785,-0.00023242759088626277,-0.003360941406786,0.015695317891544658,0.011751433674908274,0.006655800054333083,0.0023939035256879126,-0.010718289576756468,-0.046121742442036595,0.03613619178222649,0.020699196509338602,0.0368915
2023-06-07,0.000974129453256404,0.007049092434083571,0.01169096752111387,0.02097932212554121,-0.011986619587437297,0.001619214680879777,0.024837138952647386,0.017512873277635954,0.05581413459381701,0.013111418452929735,0.01339797727035763,0.0387174
2023-06-14,0.01668703736877411,0.01741692307451454,0.025920602576089413,0.02462085707858419,0.005830903790087438,0.007139970362387116,0.024397032740830937,0.01958801559212553,0.008124870143361607,0.03980117345509959,0.028679458819898196,0.0391522
2023-06-21,0.002823949114817754,0.0022105432259336504,0.010537740521624706,-0.0015780121163888605,0.009443665264142087,-0.0029427501337613293,-0.004448516634545485,-0.012164132377204595,-0.009793172241738368,-0.009120477188532816,-0.0021253719400895488,0.038793
2023-06-28,-0.00021320558610546606,-0.004956731647524857,-0.005492873968569123,0.002558587531409806,0.0019451648758799234,0.004963777837402539,-0.00215168421653944,0.0050893528425193235,-0.002409155832836851,0.0066322525218112105,0.006740503157261601,0.0389101
2023-07-05,-0.0005945806708416053,-0.0002443480905529662,-0.009797608583227535,0.015984061633225632,-0.013404825737265424,-0.00787611800827659,0.011780271226115246,0.0013717705276483638,-0.003216661755002681,0.014707451211212641,0.019015854842322932,0.0416695
2023-07-12,-5.866696406359497e-07,-0.00689410032879596,0.0022851570529278664,0.005698454176242818,0.007589955022488715,0.011840688912809538,0.00821681838756727,0.002241013535721814,-0.013052069084968476,0.00923094771111499,0.01660926699396681,0.0399502
2023-07-19,-5.693219989129497e-06,0.00150632086932246,0.0013423830791419178,0.020920539515580927,0.009113735701664627,0.004122340425531945,0.01905581433052106,0.000417387156400828,0.004843870536743955,0.031544023404047605,0.02844717810720554,0.0390398
2023-07-26,9.518825240765802e-05,-0.009572438252350308,0.009329008302579878,0.00022559421077072983,-0.0031333517648143294,-0.0002648655807179212,0.0005996561155745539,-0.003697607673051717,0.02178256898499442,-0.01607046096885223,-0.013713351244013516,0.0403988
2023-08-02,-2.4325405147865376e-05,0.011488553295899097,0.002669530135179121,-0.011684458312804402,-0.022279744846075644,-0.013776659160153581,-0.013955052744228702,-0.0022203559472175893,0.007861549154821512,-0.010888861833275754,-0.008242929556113499,0.041581200000000006
2023-08-09,0.0036128544520903404,0.012148275042954853,0.004910838822441921,-0.010120995526644139,0.003782148260211615,0.006850235057085152,-0.00800034730189847,-0.004420615703908726,-0.013902993127151375,-0.01920570796761001,-0.01124910437067106,0.04058029999999999
2023-08-16,-0.00032808095421947196,0.0069728305849632456,-1.9096475418756143e-06,-0.014186238587553857,-0.020440844009043002,-0.008137673425827052,-0.018768013103849235,-0.007657510544711532,-0.04763216102229917,-0.01681493285701363,-0.01270562090871763,0.043239400000000004
2023-08-23,-6.631396214577074e-05,-0.00756544340865392,0.001031247458620932,0.007192921511330885,0.012212712760842459,0.0048419636852723436,0.0026441373422279035,-0.004108051079880659,-0.02637198365458593,0.01828621639332595,0.01734641450346186,0.0428801
2023-08-30,-0.00021497902866943165,0.0008751086909699058,-0.003183732888918711,0.017777236751044256,0.006840205206156247,0.008298755186721962,0.018117001131121135,0.011399991093757,0.0356910711243803,0.021738892779915142,0.02255783752585261,0.041884300000000006
2023-09-06,-6.77684020079965e-05,-0.0008702404810609023,0.0014849888242909337,-0.010939406893221815,-0.016984336667295707,-0.012345679012345623,-0.011203555178289526,-0.01785503243104203,-0.0017789454662320292,-0.010474124618116032,0.00039981185324555746,0.0433394
2023-09-13,0.0026655778003031104,0.007081021554059837,0.0029377514664092885,0.0004389225794314555,0.005183336532923688,0.005779569892472969,-0.00022724116599970312,-0.003487280157423278,-0.02388945679073895,-0.004245098385507351,-0.0014810635446786957,0.043022200000000003
2023-09-20,-0.0002635175467672137,0.002903010450330872,-0.004417507366099027,-0.014603441792167327,-0.004392666157371994,-0.005746358412401342,-0.006787216041821864,0.012430507543542246,-0.0068642617503702485,-0.024935606844858516,-0.017893299430239762,0.0449764
2023-09-27,-0.00033070709425105235,-0.00216383360209389,0.001745588053812197,-0.029005951569669675,-0.021101093420295425,-0.01236559139784943,-0.03076707922522892,-0.03374664989078513,-0.015304490763519252,-0.027936473996464373,-0.020448770197056043,0.046038699999999995
2023-10-04,0.0030267441155868266,0.001595005149916397,0.014068139345134956,-0.0025172475909519543,-0.016264942190868048,-0.013064779531845483,-0.011274275108053344,-0.007703888006815651,-0.023622136661240356,0.010934212184512848,-0.00832089278284931,0.0464753
2023-10-11,-0.00047005518626296885,-0.002575716813836008,-0.005870789779435892,0.02654939900322484,0.014741035856573603,0.009376723662438025,0.03023508809170017,0.024622852055562916,0.04054817909447861,0.03200889089687897,0.03704252116186679,0.045006000000000004
2023-10-18,0.0053371982016187595,0.009508585052356393,0.012278625721575231,-0.014245079336067223,-0.027483313702394985,-0.015846994535519077,-0.016090399845470338,-0.02260045705579905,-0.008974409129776206,-0.02528463331498254,-0.021322164580457992,0.048557199999999995
2023-10-25,-0.0001424987067847305,-0.0009577515888506003,0.0006784914050077528,-0.02962731191767487,0.00010092854259191597,0.002220988339811214,-0.02727552335892036,-0.007917951415781332,-0.03649735063036719,-0.037033865843491554,-0.029932402859504936,0.0484955
2023-11-01,0.0011534521477470474,-0.000789778590626296,-0.0008935217302364906,0.012202724295817369,0.011403774346553597,0.009279778393351812,0.00800575876428744,0.004507346532951928,0.0009628142974116294,0.01873846638619403,0.015716255169820892,0.0457707
2023-11-08,-1.5012317981090899e-05,-0.0037224901820189175,-0.0030200101585046157,0.03419650483970682,0.02474555976850934,0.017702758336763935,0.03327704844727131,0.021208736689550367,0.02728838752457352,0.045089871201327236,0.03561028577069236,0.0442737
2023-11-15,-0.00013690967101436953,-0.004233587187742851,0.0008091401658585351,0.027402698743719922,0.005258033106134263,0.004584681769147725,0.02900160832972687,0.03279653654789172,0.02906003144271052,0.03321731728204513,0.03595853687596806,0.0444402
2023-11-22,-0.0003633006691247513,-0.0013335488687199462,-0.0033384246965281195,0.011934584088405531,0.01956605966679592,0.007785234899328808,0.008869555392350792,0.008455508361661312,-0.019049726201670558,0.0114876515899216,0.011984174449096052,0.043594799999999996
2023-11-29,-0.0006095320556195341,-0.00024233060347024832,-0.010737872935254633,-0.0013255439338808461,0.015105453163594795,0.01025572722429402,0.002669205211483172,0.00425319736582086,-0.04179175171698257,-0.0005166179956904715,0.0024093647005341,0.041390500000000004
2023-12-06,0.00013768779597558568,0.0062512329545503995,0.005363147180717398,-0.0002724927371895447,0.010107627515208328,0.00039551746868826676,0.0011169648342237437,0.0257932104344325,-0.03119909800487719,-0.007839539811017926,-0.006507788939026371,0.040339900000000005
2023-12-13,0.0031148515069174196,4.984871474685133e-06,0.011874136066707397,0.03467535950269718,0.016862781432409824,0.016605166051660625,0.023361908126770414,0.010467829213563151,-0.014244444903378728,0.04151141855597529,0.0433423106769526,0.0390734
2023-12-20,-0.03663439600734498,0.013520818675569344,-0.012371114496579683,-0.0018567735054990653,0.005284738041002157,0.0009074410163338875,0.007892186553603908,0.0008012908950838504,0.02372702765154444,0.00298494091201551,-0.005622033119681458,0.0378171
2023-12-27,-2.2176336462437836e-05,-0.0014385262057717409,-0.0008911101306202651,0.017714729639128457,0.009335629475210716,0.009454733842766627,0.016982866895428606,-0.0011998711902986292,0.0006639055099342261,0.02173780648723711,0.019293382611756282,0.0373428
2024-01-03,-0.00032044722293970713,0.002335343795551882,0.013812167656022112,-0.01605536245341488,-0.015265804597701216,-0.013086989992301734,-0.016994723126650846,-0.017721569302929563,0.0012974560958181058,-0.03357599551763746,-0.02315843998877687,0.038433
2024-01-10,-0.0007674855439393618,0.003246356667840138,-0.00981240838957309,0.016714808887074994,-0.0010942914462884756,0.0058502340093604666,0.011120929589487405,0.004687363004228562,-0.03298789348574249,0.02586585582307266,0.02775077330976572,0.0391521
2024-01-17,-0.00037170747602438916,0.004169002860477362,-0.0065302006459240225,-0.009248554913294793,-0.0041080883695453485,-0.006333204084270516,-0.014732198593366386,-0.014746094187040315,-0.05096388955152675,-0.007617412564755899,0.0006449393756986499,0.0397025
2024-01-24,-0.0007368458546657482,0.0022777384864956555,-0.010135101572720906,0.027291468409291975,-0.0037583646530386927,0.002861602497398419,0.0257535073163373,0.036572126783978476,0.04077856109551026,0.04215912900303054,0.028982082241223672,0.0403282
2024-01-31,8.07349232442437e-05,0.007805215927985969,9.83501032527645e-05,-0.004703659200378074,0.013709974236290057,0.004928664072633149,-0.0006588506585566423,0.018468003619544593,-0.026088263614734042,-0.02053427481862713,0.002296690677523694,0.0377799
2024-02-07,0.0021747504842295124,-0.00944691087231356,0.013564627017314868,0.030833840661211864,-0.011890714350549225,-0.0030975735673723914,0.019884507390467432,0.006550641080802055,0.03854164043171915,0.03908135117294176,0.03470471825851473,0.0400927
2024-02-14,-0.00045279149729482524,0.0010387662875266054,-0.0076475758604170885,0.0011130997425454758,-0.012676832629064827,-0.004790264111859011,0.0003578457684738634,0.006490911228186347,-0.0125924253927866,0.006505828653824652,0.0072074248555495934,0.041763
2024-02-21,0.00018749696648270327,0.006177518351110453,0.002285082590928411,-0.0037635333218680733,0.0008373650911797093,0.0007805385716144198,0.004027209628377326,0.014034171264031059,0.03927861163345159,-0.017546968154030895,-0.01045393671670436,0.0423999
2024-02-28,-6.005249364002232e-05,0.001465830751775649,-0.016099858880996187,0.017656268818499354,-9.296272194836419e-05,0.0033796958273755173,0.013389342543055571,0.0227126615863682,0.002045070320121578,0.023546181952612377,0.01654344927887519,0.041948400000000004
2024-03-06,4.735476604831351e-06,0.008864989538607227,0.002381006819050402,0.006903679858612621,0.009669021941242084,0.001295504599041486,0.010297761824563878,0.00649498235993895,-0.005972116817894446,0.005254663043164909,0.01551912568306002,0.0405129
2024-03-13,0.00030551039967033534,0.009029599818022498,0.004922875422481265,0.011861478306521844,-0.0001841620626150675,0.0025876568766980412,0.012089916650296129,0.017304480326478133,0.039178517698832405,0.009121394451188092,0.010527139670488905,0.0413246
2024-03-20,0.0075254820617360624,-0.00035251490258180054,0.01880066836516825,0.011482369886802513,-0.004052311659605845,0.004258614014711615,0.003726728741840768,-4.7994720580701866e-05,-0.031555820680232216,0.011845884816016117,0.012586166834482215,0.041825
2024-03-27,0.004355212765570474,0.0009554438509551685,0.012325851104156182,0.004568753325600694,0.00813759940817449,0.0010280133641737965,0.005729566663535746,0.01628499033059927,-0.00908114394728421,0.001839406551610523,0.005316097449038049,0.0412571
2024-04-03,0.003984478376746715,0.005493102508248017,-0.007165686388494796,-0.00704964666027752,-0.015043111355714567,-0.012195121951219523,-0.005944140461906944,-0.0024578195657392055,0.020268605073922474,-0.007442900767827387,0.00034238758274351966,0.042621900000000004
2024-04-10,0.0016334132916812911,0.0015046352248577078,0.026709536229561515,-0.009757286303916812,-0.01247904637735131,-0.006107862248213136,-0.006620759784687125,-0.01349706564087394,0.024757400553658826,-0.006579650633452561,-0.010382201939532099,0.0453161
2024-04-17,-0.0019467823322931288,-0.0028888988048602834,-0.011595798718427308,-0.026824192348235965,-0.008770275367785851,-0.00915271966527198,-0.029741638293611095,-0.017337122037741737,-0.05177205197217827,-0.03011621262606401,-0.03560448850972264,0.0454617
2024-04-24,0.002526558989593241,-0.0035877886621276693,0.010938519379871003,0.009840289434332794,-0.0006659689848729222,0.010029031406703748,0.013113381727273943,0.015414732617981208,0.058419846614291115,0.001873321868960609,0.009623239226156155,0.045877999999999995
2024-05-01,0.00018473343186719868,0.004838483634642679,0.012041368841552602,-0.010497611221638725,-0.00028560548362532856,-0.0032662660047034775,-0.006440695232866833,-0.013759849936270996,0.03265805373672981,-0.00682693990549077,-0.004025733117575148,0.0457527
2024-05-08,0.0073953203716697275,0.007087306165165946,0.027992668279972266,0.03373193394694307,0.013998666793638703,0.009306593262550678,0.02916531378345888,0.02376443239684467,0.031009912160256503,0.04468174000415237,0.03921141272042794,0.0442861
2024-05-15,4.305392724545397e-06,0.002026999661399391,-0.007895517172586408,0.023224299155497397,0.010612321562734728,0.005844155844155985,0.021807595020783666,0.012450949451884297,0.04149043402100916,0.0269665995205719,0.023279757478693597,0.0427638
2024-05-22,-0.00019073795679666941,0.004465072870653705,-0.00211138638122621,-0.00021476408918352785,-0.00418176749372734,-0.004648160103292387,-0.0006283482566042942,-0.014846399654962816,0.006390471491912075,0.0035329484022295077,-0.006893981740264676,0.0438945
2024-05-29,-0.00021319362771181883,-0.002729871134561717,-0.006547159866016172,-0.007548506597877203,-0.012971257932064217,-0.007004799584900856,-0.011528767717282284,-0.012331921109136612,-0.03743514138656778,0.007085064821439113,-0.0016135084427767454,0.0456104
2024-06-05,1.9812381564779717e-05,0.0012649242491239257,0.0009620774558503076,0.016533287766164362,0.021083483029214367,0.008752449379490601,0.01237059133181262,0.014599451966473165,-0.0028170142247040397,0.01579851281693645,-0.000526177321757415,0.0422434
2024-06-12,0.0001529231337208624,0.003355593111781907,0.004101940655109937,0.012513938098964728,-0.001296296296296351,0.0019425019425021173,0.00892625010832826,-0.0002442579522842214,-0.026438049254923657,0.02446721239942029,0.001993005678185833,0.0424607
2024-06-19,0.0004290726272231905,0.002301141566614484,-0.0024261875847447767,0.012174808108422308,0.005470053773410033,-0.00025849812588873977,0.004305531695584897,-0.029592227918552982,0.02745871297770508,0.014412974687138647,0.011540193650078967,0.0417296
2024-06-26,0.00013543765151990958,-0.0022761248102338484,-0.004232238731978755,-0.001663923834934411,-0.007837713231904186,-0.0014221073044602406,-0.0014753519997433573,0.0062409808717722726,-0.01847275071227461,-0.003195009805606608,-0.009108279073218872,0.042726
2024-07-03,-0.00016176351359760074,-0.001805819492225831,0.0023822736144811785,0.010792456963435004,-0.00018587360594790603,-0.0005178663904711334,0.01110825597704479,0.010142515978632805,-0.006155911051065499,0.021518481159394254,0.014901902051819738,0.042577699999999996
2024-07-10,0.00011669100797211911,0.005154337452382614,0.004032029775061341,0.01749858226988521,0.005670198921732705,0.0038860103626943143,0.014057064800156782,-0.0013975593056507751,-0.02819467844216761,0.02524425042472367,0.009887109864974652,0.041727999999999994
2024-07-17,0.0021808983479463103,0.007341349213879197,0.0032020407390886962,-0.008100945879504495,0.00979757833441175,0.00903225806451613,-0.001091224259638257,-0.013591833606917625,0.015324236320855444,-0.03488573504688319,-0.020859209468839124,0.0401845
2024-07-24,0.0007846579792005749,0.002922088408065448,-0.008895693753590339,-0.02883539986435879,-0.015286041189931376,-0.0021739130434782483,-0.025433961080708167,-0.006049318608350118,-0.024147364540308858,-0.036367889616667703,-0.01733014961011825,0.0411677
2024-07-31,0.005613004660797339,0.010681119068047185,0.016019310196847103,0.01753597205152624,0.01840490797546024,0.006535947712418277,0.014545220511335444,0.0022769016859767177,0.0019380684591632225,0.014818586344112594,0.020255519486683138,0.038570600000000003
2024-08-07,0.005388502496834261,0.010806613614965042,-0.011184703399778395,-0.05845390507578363,-0.004198612632347665,-0.011204481792717158,-0.05261015515555201,-0.04204443313482198,-0.02690981631170497,-0.07975215064149921,-0.06904956832390607,0.0371639
2024-08-14,-0.00034928719139363785,-0.00023392569778628986,0.0004561318928162361,0.049179728820078816,0.019248395967002896,0.011073911923770163,0.04180500298527434,0.012754763220695464,0.013953190748116073,0.061546165335355285,0.07071332920272622,0.0363329
2024-08-21,-0.00033251437508292523,-0.0011645984507370924,-0.007136145449638698,0.030363634030587283,0.007104316546762579,0.00713194090677538,0.029367183524811935,0.0333530755563074,0.016224166382288407,0.04225015413608202,0.033936271490171865,0.0361122
2024-08-28,0.006344770177273387,0.01581303584503826,0.023566423003690717,-0.005100652036613695,-0.0025002232342173913,0.002149721800708271,-0.0006035756654942936,0.005680329479579527,0.017333093362605245,-0.020255605924217934,-0.004657964577804319,0.0362392
2024-09-04,-0.0003872591473647802,0.0013844123451484365,-0.010267451456360543,-0.012894792370774955,0.0010742100080565198,-0.0035331230283911497,-0.014124911491524061,-0.013199593733398629,-0.01328871919943253,-0.02686997003308833,-0.010611089949393082,0.0350754
2024-09-11,0.00010287669032173093,0.006528352515840981,0.003410131152473461,0.006170211609635379,0.009925780202092449,0.004178802076737931,-0.002012051183202246,-0.01744984715914022,-0.019970396406325475,0.01821731063022769,0.0015216514501519285,0.0340689
2024-09-18,0.006281505303740014,0.009414979864170094,0.013789390170464655,0.011546362796693632,0.0027448202585442782,0.007818411097099576,0.015250452433616557,0.015055903333207388,0.032223937397968694,0.010219291967534128,0.02471214922477083,0.0345025
2024-09-25,0.0015399752476301302,0.005206077192303581,0.0051866825295676655,0.018511069263437374,-0.003885209713024307,0.0013763763763763315,0.0214948399874908,0.016873823754472328,0.0831867687579062,0.0289592734432349,0.0283499169331356,0.0349709
2024-10-02,-8.587906500822199e-05,0.004695738064666592,-0.008895923317913224,-0.0022228979459165688,0.0004432231185178548,-0.0018742971385731222,0.004005429014613426,0.009436859478247461,0.17327683999769983,-0.00868754427694407,0.0010943959976374984,0.0351751
2024-10-09,0.00020845077594994847,-0.004576158151063152,0.006792620536704819,0.014449500310007357,-0.016923622186780007,-0.006009013520280271,0.0032474627609022644,0.0038845201469186463,-0.0804897403417345,0.02044616716652392,0.016224470318763062,0.0387458
2024-10-16,0.0003868032355382891,0.00018614243469889971,0.007608494410217936,0.008706776886900025,0.006849932401982839,0.0041561712846347465,0.0038802885394715325,-0.014823675332207964,-0.016978530074758247,0.004125386379117968,0.009271907656581035,0.0380493
2024-10-23,9.987779890673755e-05,0.00352065974540105,0.006815862601690981,-0.007710779858518757,-0.022110822665831198,-0.007525398218989232,-0.008598504344666802,0.002819478029869371,0.02333038396793996,-0.004923482665725842,-0.004974030148713449,0.0401796
2024-10-30,0.000246539082154807,0.003130139463248091,-0.0019548128148652033,0.0028029709767447564,-0.0002746246796045959,0.0029066093769747336,0.000559881915814131,-0.007475800144234213,-0.01828069643042085,0.01812586004546768,0.0041147365378402245,0.04117
2024-11-06,0.001898452746103252,-0.009352773427458761,0.008695640822900863,0.01984460762306761,-0.009339804047248434,-0.00037802419354837635,0.011888289754807158,-0.0174220948677275,0.007739698066400402,0.020181180819145217,0.033832867665735344,0.042304
2024-11-13,0.012000028917731182,0.016689585528978722,0.019489693807113406,0.00950238149852245,0.00046214992143456257,0.0010084457330139518,0.0005529944650279894,-0.012558768328323588,-0.03480946403757257,0.013025022835668532,0.008615465251502696,0.0426308
2024-11-20,1.4693951352272197e-05,-0.009056529362957567,0.005461313942310531,-0.011406126260989358,0.0017553584626757157,0.0008815010703941972,-0.008652092429670355,-0.0022424551825396266,-0.005974742035316893,-0.013758195220979874,-0.010149563974731657,0.042335000000000005
2024-11-27,-7.320091090464722e-05,0.006595323071619354,-0.004180554674854786,0.013795586020878492,0.013280457437978344,0.0050327126321085824,0.012184181850434683,0.0007273173196664651,-0.005170258731155064,0.004974127576829135,0.011533287397053726,0.040735
2024-12-04,-0.00037753694133396145,0.0003967209874792224,-0.006183618398950541,0.01462807189509796,0.005552016018931516,-0.0005007511266899023,0.016008292064954466,0.03926983087373115,0.00710753843901446,0.035394701497548864,0.017937947029534218,0.0402253
2024-12-11,0.0003316353508952765,-0.0002439989071117601,0.012534877848133785,-0.00037788610512790033,-0.004797248370745799,0.00025050100200396663,-0.0008772535065497689,0.008198787563376442,0.02089861141924554,0.015189672016182376,-0.01301722352341339,0.0409095
2024-12-18,0.007119583335270167,0.010763493532078998,0.03278374452374844,-0.034849339024586645,-0.025557071396089204,-0.0211620335587277,-0.029724557041947874,-0.00041739340841051575,-0.014413261192604332,-0.0320540816545537,-0.032431472572886144,0.043593900000000005
2024-12-25,-0.0011025143492544255,-0.011973316846411373,-0.026252310323422567,0.028589139260510654,-0.0013067015120403758,0.005756684149929692,0.013284054051306171,-0.020055352935480775,0.011766689907398042,0.03292168337657131,0.032367319018302476,0.0440167
2025-01-01,0.0004637615194342236,0.009137910735132693,0.004204692848038816,-0.02622664750564563,-0.0014953271028037562,0.0003815822945816283,-0.01764543561698817,0.007847076696323008,-0.0019076249770503262,-0.03596102666200063,-0.02414467411154375,0.0434211
2025-01-08,0.00017773098987035912,-0.004111988588014842,-0.0030546559838099396,0.0062261651957025155,-0.007768625982777944,0.003687221869040025,0.004714042022901266,0.020508662208587713,-0.03888893043103303,0.008704460045394269,0.016577513538578614,0.044227100000000005
2025-01-15,3.373768618992746e-05,0.0033830428356701504,-0.0053263572693026395,0.00534955434461204,0.004433544005282508,0.004560425639726473,0.001794419507830769,0.007189190595610073,0.0003231354617050375,0.0016607731039977036,0.013945001954906777,0.0440993
2025-01-22,0.0012029788300135346,0.001232151037232275,0.01744238033221035,0.022934800694464297,0.005447032306536315,0.003278688524590123,0.024645564610247916,0.03448118259805133,0.025546936208361792,0.0255294002479598,0.030350257069408748,0.0439625
2025-01-29,0.0010381978285267709,0.0008838695689026177,0.006969920654543715,-0.007732030750677299,0.0047636839155613675,0.002136752136752129,-0.00135689913881476,0.00476965248577077,0.02256662067459203,-0.01884220069227671,-0.02282898532645139,0.042921100000000004
2025-02-05,9.910039057324681e-05,-0.000258304751386387,-0.003511558152424765,0.0036709491647222148,0.005856651482755604,-0.0001254233036498409,0.004948997555254797,0.007735161528373169,0.018391988968168738,0.0030566942674121744,0.019484560759594816,0.042062600000000006
2025-02-12,0.0009296508799489714,0.0032141980751851065,0.01003669637239768,-0.0015689237611935525,-0.013493530499075868,-0.00514300050175609,0.001149737238163473,0.0255220901819726,0.061213987024380634,-0.002152106937066467,0.013743230128666628,0.044255
2025-02-19,0.03286102102667085,0.002363469254763945,0.11987427416238594,0.015231403989114156,0.008150646430578945,0.00554785020804438,0.01571803162335872,0.010270735249229945,0.04969914795186381,0.020676897396685545,0.021369896856278325,0.0432531
