Date,ABNB,BABA,CNP,DUK,EVRG,F,JD,LCID,NEE,RIVN,SHOPCN,SMCI,SO,SPOT,UBER,WEC
2020-09-16,,,,,,,,,,,1203.4139525585817,,,,,
2020-09-23,,,,,,,,,,,1218.183631767813,,,,,
2020-09-30,,,,,,,,,,,1260.8533620355506,,,,,
2020-10-07,,,,,,,,,,,1289.7762860086045,,,,,
2020-10-14,,,,,,,,,,,1284.2074971121167,,,,,
2020-10-21,,,,,,,,,,,1248.976379316788,,,,,
2020-10-28,,,,,,,,,,,1253.9360655093615,,,,,
2020-11-04,,,,,,,,,,,1213.436983478417,,,,,
2020-11-11,,,,,,,,,,,1169.5865419256354,,,,,
2020-11-18,,,,,,,,,,,1160.497201972357,,,,,
2020-11-25,,,,,,,,,,,1196.8793928331079,,,,,
2020-12-02,,,,,,,,,,,1238.3004944129082,,,,,
2020-12-09,,,,,,,,,,,1225.300803882515,,,,,
2020-12-16,,,,,,,,,,,1285.6245618773758,,,,,
2020-12-23,,,,,,,,,,,1306.3372264932825,,,,,
2020-12-30,,,,,,,,,,,1288.0481552059543,,,,,
2021-01-06,,,,,,,,,,,1254.5572545789275,,,,,
2021-01-13,,,,,,,,,,,1305.0460114059451,,,,,
2021-01-20,,,,,,,,,,,1293.4110082031955,,,,,
2021-01-27,,,,,,,,,,,1265.3593232471003,,,,,
2021-02-03,,,,,,,,,,,1309.172083049929,,,,,
2021-02-10,,,,,,,,,,,1449.7481214199918,,,,,
2021-02-17,,,,,,,,,,,1404.132093174443,,,,,
2021-02-24,,,,,,,,,,,1341.1452323181177,,,,,
2021-03-03,,,,,,,,,,,1292.5137435370802,,,1124.9124023327456,,
2021-03-10,1209.2126272713463,,,,,,,,,,1229.6999714067224,,,1090.051714612821,,
2021-03-17,1243.5885888567627,,,,,1249.601491528758,,,,,1257.8871965791675,,,1097.5397877518353,,
2021-03-24,1156.5547536918875,,,,,1183.7366446975338,,,,,1206.3868648429768,,,1050.208684397945,,
2021-03-31,1154.034575831738,,,,,1179.8888510804704,,,,,1193.9799353673427,,,1042.8992829173942,,
2021-04-07,1128.8793584178097,,,,,1197.8048604297107,,,,,1208.0328484935685,,,1052.7261465704025,,
2021-04-14,1099.8902620574304,,,,,1160.6781952239216,,,,,1213.4131875185565,,,1052.1073584671979,,
2021-04-21,1067.2616919656175,,,,,1114.1060746336457,,,,,1190.224169616343,,,1032.6342308555284,,
2021-04-28,1085.0223413061897,,,,,1149.409998800733,,,,,1246.0512190073528,,,1014.0642071683051,,
2021-05-05,1053.955821873052,,,,,1106.080283363326,,,,,1173.544662640532,,,999.107469298177,,
2021-05-12,1046.2930047417904,,,,,1097.7833829359465,,,,,1172.20622889267,,,991.1976215356177,,
2021-05-19,1034.8242577380665,,,,,1132.9643681136938,,,,,1208.1612053350789,,,984.9740443760376,,
2021-05-26,1016.7281366697047,,,,,1217.8018943274956,,,,,1225.7747377180983,,,993.876760228808,,
2021-06-02,1053.5632388873823,,,,,1269.8783933829452,,,,,1215.7367015984605,,,997.0095379485729,,
2021-06-09,1035.929697526026,,,,,1307.1752859288229,,,,,1206.6257679240875,,,997.2933668816146,,
2021-06-16,1032.4411513034802,,,,,1267.4752122948482,,,,,1267.3343377893134,,,986.370202121099,,
2021-06-23,1027.4584217605657,,,,,1277.1591408081106,,,,,1341.1134360238564,,,996.6082376456934,,
2021-06-30,1032.621235814796,,,,,1240.7679382973924,,,,,1318.2824543052257,,,1015.5159643291296,,
2021-07-07,1023.4049431059138,,,,,1200.0546507933293,,,,,1359.8368101811204,,,1008.093069663876,,
2021-07-14,1012.7493437578509,,,,,1199.5183015525138,,,,,1321.0709310890504,,,1001.0220940879237,,
2021-07-21,1010.0186844104619,,,,,1199.6749324374962,,,,,1372.3095630136377,,,1001.8995583126297,,
2021-07-28,1018.2081703727154,,,,,1191.504461287971,,,,,1349.6413798388178,,,984.0888470598051,,
2021-08-04,1026.5303823143392,,,,,1165.4581051667512,,,,,1357.2401500558153,,,982.0335638542791,,
2021-08-11,1019.5620523954805,,,,,1174.4816733040514,,,,,1316.4856348195206,,,972.1406608760267,,
2021-08-18,1015.2635229168646,,,,,1133.6117372700803,,,,,1320.8000651556843,,,969.7556466765499,,
2021-08-25,1033.498330710365,,,,,1143.3702992435244,,,,,1342.2391042515203,,,979.1674369315854,,
2021-09-01,1028.5472077497016,,,,,1140.2342050117888,,,,,1330.3301354010378,,,987.2781848789125,,
2021-09-08,1039.8552291743204,,,,,1134.8956532042678,,,,,1297.3568886537605,,,998.6056634626892,,
2021-09-15,1038.6006471290013,,,,,1140.5270672185072,,,,,1294.3430031128607,,,993.682080666275,,
2021-09-22,1042.16566838175,,,,,1147.0444497271772,,,,,1290.8818016231921,,,984.5298599528672,,
2021-09-29,1036.1628167934866,,,,,1190.3805068955169,,,,,1242.5641226087555,,,970.9111396055148,,
2021-10-06,1044.4658793640067,,,,,1176.8787815863016,,,,,1242.8355076214712,,,983.1661137925489,,
2021-10-13,1041.7757397739974,,,,,1249.9530761340125,,,,,1248.6632199717837,,,981.274495240337,,
2021-10-20,1027.8113158020649,,,,,1260.711352237292,,,,,1277.7855950814119,,,980.6433124657259,,
2021-10-27,1027.6093550970463,,,,,1246.781133278427,,,,,1224.3957585092026,,,992.5872342958294,,
2021-11-03,1035.1063640236266,,,,,1449.9738160295065,,,,,1292.7197973721095,,,1023.9593360018713,,
2021-11-10,1080.6262747423646,,,,,1512.265297041198,,,,,1302.6772847791997,,,1007.2779164716441,,
2021-11-17,1103.9354551247354,,,,,1533.1494487375548,,,,,1397.0284339616944,,,1011.0955053353863,,
2021-11-24,1071.6274049101387,,,,,1569.5084589737628,,,,,1412.6053554345635,,,997.150339432235,,
2021-12-01,1067.8286438181972,,,,,1540.215775911021,,,,,1338.8550909634973,,,990.3911008814279,,
2021-12-08,1083.6705367878615,,,,,1545.5939022990578,,,,,1355.2139673409827,,,994.4827341439961,,
2021-12-15,1067.5429323331002,,,,,1587.7741894886128,,1405.8318899545104,,,1294.1657247325854,,,983.0311855727091,,
2021-12-22,1061.0294498132573,,,,,1569.419270419907,,1354.3361961245214,,,1288.5407657548276,,,984.8987380752588,,
2021-12-29,1044.8418645756417,,,,,1577.8296901168637,,1308.6389140882334,,,1279.2555837168477,,,980.9913356348113,,
2022-01-05,1033.0408220264896,,,,,1765.1604769889727,,1272.9266819503603,,,1206.2195043733032,,,975.5052676370278,,
2022-01-12,1043.0526673759541,,,,,1804.99293276848,,1417.2090137860996,,,1181.9552215702006,,,973.9504684330282,,
2022-01-19,1024.699697157535,,,,,1681.4913497806472,,1352.6459444311456,,,1140.5990054221138,,,965.9060523681217,,
2022-01-26,1026.0733590097443,,,,,1552.827966924349,,1260.951749076793,,,1109.9178545126908,,,959.2413960049039,,
2022-02-02,1026.4128324863366,,,,,1565.3968488770897,,1173.719764684552,,,1112.2025563700433,,,976.2856106675749,,
2022-02-09,1040.0015996962538,,,,,1413.8990080902759,,1179.0102632924686,,,1119.1632573847683,,,943.9353209204497,,
2022-02-16,1069.0916460397896,,,,,1386.2183812396609,,1180.6275386685882,,,1048.1299828671822,,,928.1527943430831,,
2022-02-23,1034.3531060596017,,,,,1349.0610179529172,,1137.3289538511779,,,1023.5757855640236,,,919.7173950361961,,
2022-03-02,1044.619579266923,,,,,1413.0450572046132,,1094.6253949319307,,,1030.2302445994708,,,929.4022080956292,,
2022-03-09,1034.9449645743705,,,,,1328.920869171831,,1104.575478528447,,,1021.6018361016509,,,923.9896430159405,,
2022-03-16,1031.0211837125391,,,,,1321.3647513176102,,1068.9665553998016,,,1021.8445733982818,,,909.141412175203,,
2022-03-23,1019.6128093511587,,,,,1299.0424057055818,,1076.1828358737564,,,1040.7401069913158,,,904.5703462036229,,
2022-03-30,1016.4196520236172,,,,,1317.6940922300978,,1069.650581094677,,,1023.6046210715571,,,900.7022648798742,,
2022-04-06,1000.711637094708,,,,,1226.9402884815904,,1020.7753325679761,,,999.6367808040332,,,890.3957821805097,,
2022-04-13,1017.4963611486656,,,,,1231.2130180817962,,1014.8820524100997,,,984.7504001800015,,,889.39085023354,,
2022-04-20,1003.8451023815903,,,,,1246.0840883143424,,989.428921205158,,,961.7955916621427,,,877.1990629236125,,
2022-04-27,1003.4028519652812,,,,,1190.8941347904665,,967.4415572477276,,,948.644053931403,,,868.6303100904101,,
2022-05-04,995.7451382345156,,,,,1169.3027348898627,,984.9192610541027,,,965.3744867882608,,,873.6234758725326,,
2022-05-11,962.1074462520486,,,,,1090.0195743657275,,936.6283830766791,,,933.5198165900547,,,866.9044983783139,,
2022-05-18,941.5268604869902,,,,,1082.1784571828048,,974.3794575105011,,,940.4886358410392,,,868.1149154201436,,
2022-05-25,946.1459987326292,,,,,1077.9081095167073,,972.9429989906181,,,933.7355883579316,,,875.0726076415511,,
2022-06-01,940.8945463214375,,,,,1099.1614512870997,,985.7152738945176,,,931.3532503869375,,,863.7378807907535,,
2022-06-08,942.699527633653,,,,,1091.1634231937549,,971.1609754614218,,,935.3509989569194,,,862.6535392086489,,
2022-06-15,911.848008530817,,,,,1034.3634799140848,,933.685365573627,,,909.9771836117515,,,847.3208403759369,,
2022-06-22,910.093891522739,,,,,998.0894796367417,,938.7933522898695,,,913.7576986064628,,,846.7081931556012,,
2022-06-29,905.2391666043123,,,,,996.0633963076589,,930.1761413550544,,,914.526064720972,,,848.9550694590027,,
2022-07-06,905.2097759844526,,,,,978.7060650119164,,939.980162562659,,,914.3291026270042,,,855.4314865304075,,
2022-07-13,907.3199308339714,,,,,988.1680725241085,,939.697743580577,,,908.2261961054276,,,850.6556357026843,,
2022-07-20,911.5741737251684,,,,,1030.6048453724484,,944.8010069591701,,,917.6512915626224,,,853.2514227778911,,
2022-07-27,918.6994364339141,,,,,1064.705796179825,,927.359104217875,,,917.2650298959013,,,860.9739085968273,,
2022-08-03,914.5767899425861,,,,,1186.5113384142,,949.4286950811265,,,930.2961687571586,,,860.6811898227897,,
2022-08-10,914.70791970666,,,,,1163.168886794956,,907.917314182555,,,917.9492813431959,,,855.4099515640004,,
2022-08-17,915.8868221246217,,,,,1188.164705449144,,903.4701552931002,,,909.1040485822331,,,851.3267255011724,,
2022-08-24,906.6265671069183,,,,,1164.7290589004558,,879.1762316265375,,,897.6363072219731,,,847.2638882000533,,
2022-08-31,906.4141763408377,,,,,1153.4916230097879,,867.4853716371837,,,893.9342184826965,,,844.8033118899215,,
2022-09-07,907.7820304663667,,,,,1159.8645735371165,,859.3070824158442,,,892.9390568427647,,,845.3329822214646,,
2022-09-14,913.9061704032408,,,,,1114.5515557002998,,872.3564696167026,,,891.4111039538403,,,835.7205330568514,,
2022-09-21,893.2095488044055,,,,,1035.865938209279,,861.3831301571096,,,881.8668647389075,,,828.4040745790674,,
2022-09-28,892.2323924475096,,,,,1002.0014538384416,,855.6400913426743,,,877.755047445687,,,825.3574404792312,,
2022-10-05,891.0566261163603,,,,,1020.3072910140415,,850.0978104979791,,,877.2650683259458,,,825.069745027819,,
2022-10-12,895.6302723383568,,,,,986.9931063603642,,831.6199735916094,,,866.9960219348243,,,821.3255445060344,,
2022-10-19,895.7921034443478,,,,,1003.1781221763499,,818.0794857413218,,,864.4039898596493,,,816.4365317005272,,
2022-10-26,891.7499712313936,,,,,1020.3054038307,,833.4787371596169,,,867.5973476078373,,,814.5572645366613,,
2022-11-02,855.3862108596128,,,,,1016.2794281429766,,829.119623012829,,,857.9453967716687,,,806.5946992463379,,
2022-11-09,863.8875607147817,,,,,1037.5274113085134,,812.2659777762733,,,854.6552445001407,,,808.1406172245943,,
2022-11-16,879.8047652676945,,,,,1052.97753315007,,823.181035475547,,,882.41787532047,,,821.3959423570478,,
2022-11-23,867.3463539566809,,,,,1054.1590712915336,,815.9054515595814,,,869.3536924180718,,,817.8825693287909,,
2022-11-30,877.0560733990529,,,,,1046.8790544738342,,820.0233098476391,,,887.6693162555424,,,824.1998258121954,,
2022-12-07,875.6731635567902,,,,,1013.6166009324108,,809.1288047636442,,,885.5745351597648,,,826.9983021957617,,
2022-12-14,876.2758265639266,,,,,1026.4789241089984,,808.6506269674305,,,879.2296662202833,,,829.1971457555252,,
2022-12-21,872.061804478161,,,,,953.1214979487567,,805.1642808614995,,,872.9755337218655,,,827.2224807754314,,
2022-12-28,865.0750064634516,,,,,924.2752092756696,,796.079957632564,,,864.6852058009176,,,824.6207056208088,,
2023-01-04,869.8402211822959,,,,,969.7804385948555,,801.2463106888615,,,875.9742845661327,,,829.075616542777,,
2023-01-11,877.5085739310124,,,,,1021.1827910166787,,822.2510650853602,,,874.1660515977308,,,837.384141390677,,
2023-01-18,884.3253141184714,,,,,986.6180938779371,,833.8077873466062,,,878.4545532524713,,,842.8666859729612,,
2023-01-25,881.7010018049804,,,,,990.9588220644083,,835.394927204114,,,892.3689668289201,,,843.4532725357033,,
2023-02-01,895.0174352789013,,,,,1035.49660922003,,892.0035802011326,,,901.0637901753826,,,848.367898056739,,
2023-02-08,894.9764012954698,,,,,1006.8640703910087,,873.2575186527384,,,898.5238392688154,,,846.3396283090033,,
2023-02-15,909.8640380803421,,,,,951.2913601286325,,861.0894825525592,,,901.8914560757925,,,843.9870511462926,,
2023-02-22,900.1823539453031,,,,,923.1431668999661,,847.3566030202018,,,877.01043046416,,,841.0717115314916,,
2023-03-01,887.6160188001081,,,,,929.3417693323586,,818.6475214583467,,,870.0533873601155,,,836.6645544885337,,
2023-03-08,888.2270708121663,,,,,959.6831898072488,,811.3420583720807,,,871.706042067528,,,836.5587048522798,,
2023-03-15,905.5265939957374,,,,,937.2063593859434,,829.3782195459605,,,898.9315603538921,,,863.4044081629372,,
2023-03-22,912.4352996131836,,,,,927.6630160968805,,839.2950439734818,,,901.5939317551332,,,866.0299508812467,,
2023-03-29,903.0412147374022,,,,,942.2800201375638,,832.1251189089544,,,898.8767322314205,,,862.733827633689,,
2023-04-05,910.3184903493939,,,1047.211405135389,,967.7695682694329,,841.3658991163841,,,904.2863747560339,,,872.3995387074709,,
2023-04-12,905.8062751978777,,,1045.775382268906,,970.9446275806225,,841.9401799630541,,,902.2288088014894,,,869.2160540550442,,
2023-04-19,901.3246747991915,,,1033.4806912405459,,940.7970168760036,,825.9328891254788,,,900.1165338268198,,,863.4770936318749,,
2023-04-26,906.1285510601369,,,1044.9110596023752,,923.7662958210248,,836.0754152354195,,,904.9293291763877,,,870.44353293614,,
2023-05-03,915.585467213338,,,1046.0868318933135,,932.7990813753208,,841.3889948956516,,,908.9205449014214,,,877.3920524751222,,
2023-05-10,905.3117406630852,,,1044.1849606059266,,930.6456483048448,,833.4491515683993,,,941.3381366309735,,,880.0970667474538,,
2023-05-17,896.7581486817838,,,1023.9817051188728,,911.6694793667582,,830.9462366890045,,,928.8263564502292,,,877.0337199939931,,
2023-05-24,893.6545207497659,,,1016.1509237377927,,902.2649745844275,,831.7285520176848,,,925.542135368875,,,872.7862680568976,,
2023-05-31,895.6287866105162,,,1010.5851840506293,,930.4219892290947,,833.5113042208142,,,920.8366047528629,,,875.4251092971311,,
2023-06-07,895.5424471804471,,,1007.3670760258967,,989.6976966971274,,817.2263233724535,,,919.066743742824,,,871.471732172102,,
2023-06-14,902.4899977128558,,,1004.4915048346201,,1022.9279041688202,,816.4959782253153,,,935.0592503053844,,,872.1193073233995,,
2023-06-21,905.1735810205728,,,1002.9264020419113,,1011.9715103478514,,812.430307804731,,,928.4310116798005,,,875.857580074093,,
2023-06-28,903.9598530377424,,,995.214776413926,,1050.2214152205966,,819.2772630864825,,,925.9757997786436,,,876.748059319796,,
2023-07-05,903.6086142652924,,,993.1167648089706,,1082.6149483486988,,820.9998643716115,,,921.7099685911894,,,872.4121462611748,,
2023-07-12,913.9534713955265,,,998.3876879844568,,1074.2793867716998,,823.6613022295332,,,927.9282085857731,,,878.9748476580322,,
2023-07-19,927.3730533733201,,,998.1649617997884,,1009.6488977831352,,824.6531834737093,,,935.5033644937138,,,887.5216765257295,,
2023-07-26,929.6103648426563,,,1007.4267321956445,,989.789366466308,,824.3414993562151,,,930.1060231621955,,,875.2699683390762,,
2023-08-02,925.3552942343047,,,1002.8553567731857,,957.1925179990507,,820.3011772795437,,,934.227770618039,,,875.2354436818209,,
2023-08-09,915.3286800174027,,,1006.446551494832,,946.0626763448741,,822.9110608373668,,,914.7951315380542,,,877.0743747715965,,
2023-08-16,903.7072877186203,,,999.5297432662503,,911.7125295679161,,809.6783317885188,,,912.3407211167851,,,872.698299219736,,
2023-08-23,904.0035605285408,,,997.8244987108218,,915.1986351393633,,809.0463310977691,,,915.3604890004631,,,874.3948538449325,,
2023-08-30,905.8211530545553,,,994.1831377995591,,912.0561563847176,,812.2611072793026,,,920.520557350329,,,878.3982897828556,,
2023-09-06,910.3929831603695,,,988.8815572920975,,912.6704240152352,,807.7922436448615,,,929.4004289694776,,,878.9448048497486,,
2023-09-13,914.4326584961335,,,1000.5742472595814,,937.5700591211587,,808.0219884398666,,,923.9669428853673,,,880.3309779112453,,
2023-09-20,907.8141370581084,,,998.7947472690703,,928.6346582428914,,801.3379002460963,,,913.8559972268288,,,878.4794356891651,,
2023-09-27,908.9325896478217,,,998.7890727162221,,938.5393034350034,,802.7320208819364,,,910.4004198047884,,,879.4260011077467,,
2023-10-04,908.0952852076243,,,996.5053547823045,,927.7342635880381,,805.3317246546699,,,917.6499557180998,,,884.8735621845283,,
2023-10-11,908.9735044170677,,,1002.4214056529,,935.0562214629734,,808.2746070224383,,1236.4982249059583,919.6823759438817,,,887.3969360626534,,
2023-10-18,900.8625798957521,,,996.2450147919086,,916.2442117979673,,796.7966193561758,,1192.5276171405728,915.0796764554605,,,881.4213509909474,,
2023-10-25,905.0750577236548,,,1000.8336598324995,,912.6608704839789,,795.689659560887,,1156.1350839047743,914.5255365455782,,,886.7723880621668,,
2023-11-01,908.2711233820246,,,1002.6235185080994,,861.4480706800197,,798.1490467156796,,1124.1972227169056,916.6182639365513,,,891.5102529764011,,
2023-11-08,900.1582217019113,,,994.826926095139,,860.64281627007,,797.7079092533749,,1136.0481974927804,928.4268548391326,,,891.6244093130665,,
2023-11-15,906.77374812989,,,994.5914342396653,,872.2683279164779,,801.5291416887948,,1136.7275415548368,937.443575777016,,,893.5958842888967,,
2023-11-22,906.8178617395778,,,994.7764921575911,,866.605983194782,,803.9042957676643,,1099.5541824301768,942.5180656652816,,,895.8820407270225,1038.9222293028,
2023-11-29,910.8013091609905,,,998.779376473271,,878.1292557498839,,809.1392282531539,,1146.1668148066208,950.493087057977,,,900.4865015858475,1054.434011315467,
2023-12-06,920.6372412056336,,,1006.4015150990391,1072.696560872151,884.0490392669226,,814.0782406172644,,1202.6753445824465,949.9659974371855,,,906.8525368625253,1086.2339867341796,
2023-12-13,927.8453134959566,,,1014.2074464840993,1070.2073764646523,897.9697509904721,,820.7717504876043,,1240.953594059942,955.6499508976042,,,910.8256481194616,1108.788041992086,
2023-12-20,930.6922927662442,,,1017.5777544921818,1033.110309342511,919.3121733198219,,819.8875985893086,,1372.328727280728,962.6175664587278,,,911.8310546143929,1108.170003543411,
2023-12-27,929.1038371882682,,,1017.0941082557318,1061.011823283931,947.001631393519,,824.814887840105,,1402.3579394424235,969.5588492587948,,,914.6676567619511,1140.8655333863865,
2024-01-03,924.9583864451099,,,1020.6502811666278,1068.8009057726993,927.0654067986295,,822.1261611626863,,1281.51513747757,957.7292489460146,,,912.6586338448041,1090.4717396180715,
2024-01-10,926.9160888497365,,,1018.172606767346,1079.1696190697328,928.9108182955435,,818.5581791818465,,1224.8120818925074,973.9034903633541,,,914.4885062132238,1122.1767892667328,
2024-01-17,924.8924123021922,,,1016.2544388257438,1061.7880639413322,915.9826451661046,,815.8995416664914,,1158.7125512582509,972.5763199271285,,,915.5152811135939,1132.2879989647377,
2024-01-24,927.6486695862807,,,1006.1320340238664,1042.7333763038673,910.0768805280997,,821.6811865405074,,1127.1463035739528,974.1516179515652,,,919.4050902965462,1135.0279610486548,
2024-01-31,934.5523973914636,,,1011.4806461930741,1063.9033708240058,929.0550171901348,,845.2909922493249,,1152.79698612536,977.9005606056002,,,924.5532932583733,1165.5691193806065,
2024-02-07,934.5670761202737,,,1009.8547545515137,1042.4405617666494,960.780842988787,,841.7123964146778,,1141.0818459364955,992.0121909332037,,,922.7067549269077,1196.000914567637,
2024-02-14,928.8674946078023,,,998.5723646358445,1036.2554502596968,977.530813630719,,842.270920519767,,1161.3253391660676,973.3750143775711,,,923.048447530577,1284.0015686641345,
2024-02-21,928.3884506336728,,,998.7973670253658,1045.3979082740323,963.5276084181875,,847.0002598872685,,1124.0874792610657,962.9698550751472,,,923.0209127229659,1252.1149599778046,
2024-02-28,931.3959640002142,,,994.6239187539837,1038.334342416516,968.7133282247487,,842.3827338841305,991.8305852751057,1034.2940415462979,962.6849013054556,1497.4661567105397,,927.0985771311582,1270.7444179404056,
2024-03-06,945.9051826980381,,,1004.0562284353235,1048.515461334344,976.3928736024623,,846.270576632659,1004.8370246929408,1046.9925442332847,963.0421174739233,1877.7102900743948,,940.269757218198,1295.6345869470754,
2024-03-13,946.4889010314623,,,1003.1859013045843,1034.8078405677588,973.8624498778847,,840.924116054501,1027.8149607187486,1055.831884893096,971.5083249701742,1915.549284080817,,935.3121751540298,1288.6599954474866,
2024-03-20,945.304368607265,,,1002.2389073071975,1045.8691437010987,991.45904593912,,843.0994681405765,1040.5190220040215,1046.7651393824178,975.8163431056508,1589.7847027641667,,936.8817376589483,1290.474095357037,
2024-03-27,947.4272029892268,,,1003.4409446134549,1047.498811627233,1003.2463938145852,,847.2058219564117,1058.8380991086422,1040.355820901032,971.9828969580382,1722.2536219131866,,938.1281671576311,1295.1824893266726,
2024-04-03,940.0296157101104,,,1004.4109887436637,1058.2412748329596,1032.5616950291621,,843.3387406360782,1054.4461850028338,1025.0556570452964,967.1597256168714,1701.480982612925,,955.1251964527088,1278.0917737490568,
2024-04-10,937.9881214722276,,,1000.4721764576718,1047.0129844163555,1008.7695033424188,,836.0104622967281,1060.6711129235955,1008.080945980216,955.2091826611263,1560.5479461488392,,959.2164893560354,1248.865573105703,
2024-04-17,938.9104884019922,,,1000.784226983651,1032.482705365471,976.1680256692954,,836.342362997479,1063.486931825551,970.1510433568269,952.411704011471,1623.0937628764232,,953.7987711392698,1229.0676943539045,
2024-04-24,943.5858908946121,,,1007.1982545611681,1041.4935728612224,1008.439683045206,,838.6249772276105,1074.1907440594662,971.1924278597955,957.22671576302,1422.2931997533017,,938.1791850011072,1198.412847046949,
2024-05-01,938.4087307734228,,,1007.4847879910644,1046.0715995289668,972.1209402843173,,842.4899416595987,1096.270587958109,985.2459382990434,955.93837496046,1355.570434910294,,942.1813508944626,1190.7578346033076,
2024-05-08,938.19198109282,,,1010.9017260252598,1056.3777964974277,969.227869994247,,845.87641362653,1145.6727709164484,1001.8499315378684,942.2346229633276,1422.6760609216224,1041.4250008819918,949.1471247328307,1156.0793611079062,
2024-05-15,924.4367510843459,,,1014.0396668122258,1058.9578826383452,974.0110498826418,,852.8487436846549,1192.9263365837828,1010.9862803286574,936.3312993441908,1552.9440850773742,1047.1917473440667,952.8262023750938,1152.9599432421476,
2024-05-22,922.7128418214115,,,1010.9688711648447,1051.1451263308013,960.6573796306433,970.0162879662056,849.9655283920722,1180.8795710711795,1016.6887463838563,937.0874117536647,1492.5906727326433,1040.1355047586298,950.4596073388199,1135.733592552578,
2024-05-29,923.3424243803195,946.9215530679317,,1005.8394185817033,1036.0134722333514,947.163018997925,912.707393182812,846.8152119267526,1189.8757191225923,996.6055188561701,936.8647124270146,1459.6712835448577,1028.9729023817963,956.9503330648392,1128.00586674026,1030.4269295685747
2024-06-05,926.4102511480185,961.8935569442795,,1014.177061214037,1049.2474317563453,968.0169533448188,943.3304948094997,854.798977174887,1197.4094701199501,1050.1185667784148,941.0591828543141,1418.1768656005547,1046.0635440077835,973.3634167849806,1146.7366563641685,1047.4944664893135
2024-06-12,927.1797748680881,939.6161025794956,,1008.9502212283435,1050.0694394043994,971.5574559240437,920.4116637912504,854.2167226737163,1143.4368929501647,1062.7587493149556,943.7690121425507,1383.506638471053,1043.7638753817687,963.816840292426,1216.0357307032907,1042.3485909273893
2024-06-19,928.5214040344874,887.959840327639,,1009.492683732825,1040.1616371880025,959.1801870904497,909.2063125972355,855.793898513476,1128.1917687435312,1036.9359949981724,945.6427816435289,1530.4950189330107,1043.4681541955592,965.0961143637793,1195.2371580575495,1041.1631791176771
2024-06-26,928.5932674925721,874.6439468280083,,1006.7194304471465,1053.4172958811616,968.2549649490273,881.5920452144503,856.2533472466965,1153.9623745496401,1160.9890832043448,947.2992291319863,1424.248794488151,1040.0059089197632,971.6309941618649,1194.9087704212407,1035.5466101179127
2024-07-03,930.8634425365071,883.9255282108908,,1007.1132225083379,1043.100927255945,995.8652238996382,876.8147871566084,861.9145432983074,1140.525951454515,1129.3178006563505,949.2406199065036,1431.7571257545603,1036.3419676166934,968.4728388277006,1202.0714320684363,1034.3443988905483
2024-07-10,932.8307197863946,891.1093174205848,,1013.8108911387593,1067.2573177879874,1009.7487261982218,883.182143695913,867.0644242642667,1150.7689668782232,1167.3708421206238,949.7765228669508,1489.555036708671,1041.5322042772955,965.1916018939443,1187.3189612290803,1038.7003857128298
2024-07-17,934.6058773217252,906.8846218277765,,1031.0598987002134,1063.2964982573171,1071.168054987066,893.5072988949917,876.2604137755328,1140.5851685896687,1238.4322773513154,952.25811698468,1407.7688710907296,1057.2947256656128,960.7020365481266,1189.7234037802036,1060.3430741188522
2024-07-24,938.1945175502588,890.9488396677576,,1038.3837267892725,1069.7000477708632,1049.0098433444857,872.8942626746137,873.947709790642,1187.8510930711532,1202.8858345552553,949.6541790187589,1307.5776285208826,1057.503296751187,980.8124982671608,1179.3063340504466,1068.042503973435
2024-07-31,937.4570504698795,919.2040096461582,1002.1077659899305,1042.4245139275936,1094.8882110243849,947.0064894054611,886.235499791471,880.5091071761525,1196.2465218583845,1214.9459639735987,952.9844326062557,1295.1622935715525,1071.7865623425025,986.6606443446846,1159.2602363623146,1071.2483704708798
2024-08-07,935.2060255026312,923.9239421714894,1012.4039846498667,1072.8598432724978,1112.8378907613874,940.9856560311157,890.4471336409166,883.654410801396,1226.3748169170362,1127.6488553372003,958.885152389595,1117.327371741704,1105.8953092453614,987.2710339695477,1180.7422719104322,1116.443517581513
2024-08-14,934.518045682291,934.2120159488929,1007.9967308657771,1060.4370256230422,1106.5620306807587,943.7608030034518,879.2752170475816,885.5281850928164,1221.10022872116,1092.704979890021,960.9416041775042,1173.13309576116,1094.716164132338,986.9045773030019,1213.7974965758142,1105.3259308397276
2024-08-21,935.6683263483017,952.66616953547,1007.7127163948851,1053.5615255476528,1103.1386064455817,955.8815302733079,898.0969871528258,888.3787514386153,1227.1855748712896,1093.3264899584908,964.6273236836429,1216.4341731668346,1090.2364660127982,988.545357014131,1222.9130590470331,1115.4467695073372
2024-08-28,936.8118382489722,938.6243376684016,1012.8191582802801,1052.9372925246796,1100.1911728119528,961.1593464144361,889.1649411116731,892.6273353824171,1225.347758639036,1121.6368460238557,963.5873755992313,1102.1310943047354,1085.8974720551596,984.2130102784553,1206.4490505487795,1121.6646063246424
2024-09-04,939.1757316386447,958.5004911768463,1019.7141998559424,1075.2832234322161,1110.2644572070813,961.2183383284971,901.7739429315349,895.9480015948742,1248.9557646205167,1113.0937588279235,964.9950420056765,1082.1501104653655,1111.74708007567,983.0374037142126,1210.443050520849,1133.5045476480898
2024-09-11,941.2986617824082,971.0618709659153,1022.333661818097,1073.4577076060114,1114.4924054714177,955.5320163460353,900.7563046049025,900.3394578076585,1280.7782626225655,1139.1808868013786,968.534619760897,1099.8164654890554,1112.8822381793057,986.8116378859758,1204.3239935910347,1141.9439680008222
2024-09-18,944.0406397356817,958.7135750699352,1029.4681199023948,1070.719165884464,1118.5226309297088,966.2362066316784,903.8304776916722,899.5247376582183,1285.518706711084,1114.9414531645266,972.1972522722374,1089.8687144964767,1110.9411361346458,989.8227071665663,1232.5682129736101,1138.6946196602266
2024-09-25,946.4416388788267,1044.6513116226236,1025.5090238056998,1074.0561754191556,1125.115670524483,957.7856359673237,988.4035006236136,899.0354420693958,1288.8683778128448,1045.6563945824703,977.2270950221915,1101.6760664366557,1105.8082237002016,1018.5771202967063,1266.4132084543326,1130.7868806043052
2024-10-02,946.5125078913584,1267.6419166593444,1030.9898231690765,1079.9873225208048,1107.9756320161428,962.0780265172134,1240.595896001389,897.4050734324874,1297.908308462063,1055.2644243894342,977.5587940269054,1088.6671685842475,1126.8582729559428,1012.6935336198464,1229.0942225733781,1145.6564430138442
2024-10-09,944.7468710283099,1172.1386429019801,1032.7211049112102,1058.0701970026091,1084.7836404922168,961.4694819669018,1189.2592771214856,890.0028734560289,1245.8935528557363,1048.5683999982132,979.9580779624106,1123.4918693407874,1103.7927598763908,1008.3378878348394,1278.1949187250843,1110.273996451706
2024-10-16,946.9929143912832,1108.9466815466346,1055.0458716401738,1082.6881482972492,1109.511802699204,971.0171206293434,1113.5350784921109,892.7311384897264,1284.4800223690474,1038.6706896192468,979.7033227948244,1139.611413006679,1121.304046636531,1007.6697444723571,1303.8037002825668,1149.5718428776452
2024-10-23,944.9874010432703,1070.904991793377,1037.3688950209028,1089.9976198524582,1111.9148021149842,971.8443635892463,1104.5661239653673,888.7147237131375,1286.2715848367684,1020.6314120937302,977.5817156026851,1113.3127991985268,1135.8191993628302,1016.9305778693056,1280.5925703767725,1148.5034654988394
2024-10-30,946.9187128712051,1075.5342299969798,1023.6858338493204,1062.4340383723122,1105.3780192801805,952.9047510843045,1109.4419755746958,887.211460662531,1219.9270235307695,1034.9223277381757,979.096207847038,1048.9893903132745,1105.714484651428,1029.4545049383373,1283.2757707460664,1130.4645567335688
2024-11-06,947.0119957654188,1055.4808328382312,1030.4907567515156,1053.3427057706026,1111.8595259909737,965.0722787501745,1074.5610357951186,885.6491858406303,1163.1359229744446,1006.6043726212811,979.7928197008558,982.5878807794761,1088.9945067005194,1022.2823272370215,1202.233463448852,1120.4592315339746
2024-11-13,942.6351801889195,1016.6492547136136,1018.4988935233926,1053.025106361988,1124.7436588815383,962.038851087268,1030.6528900454657,886.5581788217456,1162.856006608618,1063.1632931917893,1044.1085292853877,964.1198656564453,1081.0036626916765,1078.9773357894842,1170.3583717692236,1131.2455611703763
2024-11-20,943.7237399126197,971.8888299124594,1038.0684365746215,1057.1574474594934,1129.8910966925173,957.4486392808841,1005.0464830746713,886.068586898772,1193.534836923429,1005.6090584875514,1014.94539097797,1030.5620251017144,1094.4076767970855,1085.4670150497275,1162.4681688705286,1139.717818765305
2024-11-27,945.5738958007684,976.8602780404335,1053.73676207488,1072.8243863532668,1154.9119383800323,964.0935898805876,1043.2882847658823,890.2567864193359,1207.8036173079909,1074.7459766035424,1038.2677571944562,1104.2026585870865,1095.3573737546067,1090.6872907969077,1188.866499771023,1158.1703445298097
2024-12-04,947.9099094752731,973.5422997868861,1043.1263919789733,1060.7200606874085,1111.8473591997779,960.9903711255671,1037.5973285197367,892.5581486053879,1181.4678932036534,1074.2802035294649,1041.1241472151662,1150.8395303303187,1081.0036039271258,1128.3975331777913,1188.5098276280128,1137.114226682323
2024-12-11,948.9571024122951,1016.8421908872212,1029.1530155867874,1047.3732205067429,1118.1130591651136,957.8303576798461,1076.891425424111,895.7735689711627,1152.3739220331433,1141.7033753413637,1056.1414288831959,1105.163952084833,1064.3965401143796,1103.73408275362,1118.4693953678657,1113.4531960831496
2024-12-18,947.2665045222748,971.9065133416026,1061.6326945920787,1031.6956564764348,1099.1702928543539,945.3158708146755,1037.0937353471033,895.0818470901681,1136.253112998,1122.7529763985613,1043.0494457485113,1031.9115098966545,1057.2698327650555,1081.4512574063824,1125.8184205835082,1096.702200006124
2024-12-25,949.690052192626,996.6973612449199,1048.7792789969847,1042.398573907452,1123.7933713523257,950.5807674292968,1037.9927446557322,901.1138083150595,1170.1162261257339,1146.8219636305357,1040.5881547165175,1050.3053862637423,1054.72637008206,1093.3940635297874,1118.3849999106073,1120.3302127041504
2025-01-01,950.612677227483,995.0284310908531,1061.9435173737763,1034.4910485681753,1117.5059551654965,950.7348766081494,1012.7204472414809,903.5512962686241,1143.59331608837,1127.798681166027,1027.546185947229,1025.1368093256206,1061.7062544322603,1076.5400111623921,1101.7982976775036,1120.5036882157099
2025-01-08,951.5092056572329,978.9543232949599,1041.4761893728958,1029.4936618670195,1101.4527381354678,950.9342911010698,999.0379775627393,902.6782633769664,1131.9484594007204,1139.2549703782024,1030.2220639878296,1034.6408777701806,1059.5914107958213,1108.697849867602,1141.6711855321446,1097.1835579381616
2025-01-15,951.8791176069832,965.5929931553509,1061.9184456128253,1036.2345926080575,1094.1714657659445,954.2788264948178,1014.5421981449049,904.8408466661042,1117.1482099318278,1140.1198455711974,1018.2810678259091,1027.9729011508632,1053.9397287284767,1120.0311406599628,1155.2193342724402,1106.623596908987
2025-01-22,952.1298333773655,1016.5693618679957,1036.0487934939333,1032.041035209127,1114.7820965374888,955.6204001030787,1087.703625077495,903.044164027343,1109.7211328169742,1080.9209206147104,1023.161559154841,1067.9699737485023,1054.2033703720392,1121.3100127036575,1158.8259706593483,1120.0522459946496
2025-01-29,954.626317117136,1094.6723787316732,1072.306970144472,1041.9799621566071,1124.2101908998072,960.2331622221728,1115.7802735689472,907.2539076659591,1140.4022825413708,1076.857979913927,1056.2155276416452,1046.0011940376608,1069.1007008619686,1182.131675314568,1162.2609717787225,1134.3021352066853
2025-02-05,955.5011435192497,1126.2791855522298,1021.8031539677122,1054.4884553149059,1130.1142198482225,958.6826810634416,1112.8838919590298,909.6137771323359,1108.2132097887295,1099.2156728433365,1072.9989430195503,1070.4674509028653,1061.6011771076212,1289.573109852471,1126.8186462343228,1149.0168039944924
2025-02-12,956.0510648310404,1292.8485526466484,1043.6054124359055,1063.1345249495778,1152.8049371102854,946.6304792394284,1100.1412999276108,907.7552743001769,1116.8694920859607,1077.7135877293802,1051.740074495617,1097.0181241503471,1083.0739608556853,1310.6174344191181,1270.2701011802087,1168.7591949323214
2025-02-19,959.7027357330581,1342.8210981823559,1061.4056593152236,1047.7913707971206,1139.6989275148512,945.1081980551683,1097.1050741197216,913.5892363200757,1105.0156489914832,1124.7721348258056,1073.6608740221263,1328.5520323637938,1081.5682964036262,1317.6788399554002,1291.439591516532,1165.8418602991792
